"","gameId","playId","x_0_1","x_0_2","x_1_1","x_1_2","x_1_3","x_0_3","y_0_1","y_0_2","y_1_1","y_1_2","y_1_3","y_0_3","runnerId","runner_x","runner_y","tackle_frame"
"1",2022091102,3628,0.0299999999999976,-2.87,-3.7,-4.98,-9.35,-4.33,-0.169999999999998,2.14,3.04,8.88,7.19,1.31,52433,28.46,20.63,10
"2",2022091108,171,0.260000000000005,2.13,-14.78,12.62,-14.82,-9.57000000000001,-0.0300000000000011,2.53,0.340000000000003,-9.31,9.78,-1.21,39989,79.17,18.4133333333333,7
"3",2022091111,1416,-0.27000000000001,-3.81,-3.24000000000001,-22.45,-33.32,-7.33000000000001,0.159999999999997,-3,-31.13,-23.17,-6.88,-6.57000000000001,42794,73.02,48.3533333333333,10
"4",2022091108,3153,0.159999999999997,0.760000000000005,7.41,-5.00999999999999,-13.05,0.600000000000009,-0.310000000000002,3.64,10.19,-11.76,-8.78,-6.21000000000001,54608,42.41,40.1033333333333,10
"5",2022091104,1847,0.399999999999999,-1.86000000000001,-7.49,-10.56,-8.69,6.13999999999999,-0.119999999999999,-4.14,-6.56,5.42,9.06,3.26,46130,39.84,15.34,8
"6",2022091103,2058,-0.109999999999999,4.77,4.88,-3.2,-9.6,3.78,0.419999999999998,-4.64,-2.81,-6.73,-6.74,-10.49,52457,29.99,30.71,13
"7",2022091106,1995,-0.109999999999999,-6.01,7.04,-10.08,-14.07,5.66,0.43,3.86,4.61,5.95,8.75,5.89,48097,62.79,20.79,8
"8",2022091103,1171,0.450000000000003,0.88000000000001,1.10000000000001,-7.17999999999999,9.22,-2,0.0900000000000034,5.51,8.9,6.05,-9.4,7.63,52457,107.63,15.8333333333333,8
"9",2022091111,475,-0.260000000000005,-1.8,-4.91,-8.36999999999999,-16.15,1.48999999999999,0.41,-0.41,-5.39,5.91,2.16,-1.76,44931,80.05,24.6033333333333,32
"10",2022091106,1609,-0.159999999999997,2.45,-7.8,-15.19,-15.83,-14.32,-0.469999999999999,-5.75,-12.99,1.49,-0.939999999999998,2.66,46277,66.72,27.31,8
"11",2022091104,580,0.470000000000013,-2.06999999999999,1.29000000000001,4.36000000000001,2.95,-6.20999999999999,0.18,10.27,0.209999999999994,5.95,8.07,9.3,53541,49.32,17.3533333333333,7
"12",2022091109,1944,-0.340000000000003,7.10000000000001,-1.53999999999999,-11.24,7.71000000000001,-0.980000000000004,0.430000000000003,-0.969999999999999,10.94,-1.06,10.06,11.29,44835,76.69,25.08,12
"13",2022091108,2938,0.0700000000000003,-0.0499999999999972,6.88,-0.579999999999998,-8.96,-9.28,0.550000000000001,-6.28,-4.56,-8.8,-2.04,-0.150000000000002,46309,54.18,28.8,10
"14",2022091111,76,-0.399999999999999,11.03,-12.8,17.2,2.37,-12.25,-0.39,6.77,6,5.78,19.45,7.11,40024,43.26,3.74,7
"15",2022091109,2824,0.0599999999999881,0.36999999999999,3.2,2.39999999999999,-15.63,1.33,-0.559999999999995,-6.33,-13.21,-23.51,-21.76,-14.18,38696,53.18,49.1733333333333,7
"16",2022091100,2159,0.430000000000007,1.91999999999999,10.01,-9.77,-12.5,8.83,-0.369999999999997,-10.25,8.43,-13.76,-14.82,6.81,43336,70.84,40.5833333333333,18
"17",2022091111,256,0.609999999999999,5.3,12.33,-8.39,-9.25,-9.50999999999999,0.29,7.96,7.04,19.83,20.69,17.7,40024,84.55,6.16,17
"18",2022091111,208,0.579999999999998,1.52,0.75,-15.89,-16.15,-0.0999999999999943,-0.370000000000001,-0.0300000000000011,-0.620000000000001,-4.73,-5.7,-2.25,44856,69.97,30.89,40
"19",2022091104,2228,-0.5,-3.42,-4.46000000000001,-36.34,-24.14,-8.47,0.480000000000004,12.51,14.03,17.22,33.3,14.64,47834,90.28,4.38333333333333,40
"20",2022091200,156,0.63000000000001,-1.41,-13.27,-9.02,-15.94,-1.98999999999999,-0.29,2.43,12.42,19.8,17.33,11.53,47847,68.74,8.09,7
"21",2022091111,1124,0.609999999999999,1.93,12.91,-7.44,-7.78,-7.31,0.350000000000001,-4.51,3.38,-12.66,-14.75,-9.69,41282,38.17,46.22,10
"22",2022091106,1480,0.699999999999996,-1.14,-0.25,-17.66,-18.69,-0.280000000000001,0.0900000000000034,-9.91,-15.19,-18.46,-19.42,-15.9,53435,44.74,50,9
"23",2022091113,131,-0.420000000000002,0.209999999999994,-7.61,-7.51000000000001,-9.32000000000001,-5.83,-0.579999999999998,7.27,8.12,9.3,8.65,8.43,55158,35.03,14.8633333333333,15
"24",2022091104,1962,0.670000000000002,2.10000000000001,-6.22999999999999,-6.11,-6.13,-5.42,-0.349999999999998,4.88,0.0800000000000018,-3.14,-4.43,0.170000000000002,44947,96.41,24.97,9
"25",2022091102,1631,0.239999999999995,1.64999999999999,7.4,-7.40000000000001,-10.27,-5.59,0.719999999999999,-2.34,8.57,8.86,6.57,8.92,46377,50.31,14.2633333333333,12
"26",2022091113,65,0.410000000000011,-0.299999999999997,-4.39999999999999,-9.89,-9.61,4.59,-0.650000000000006,3.76,5.31999999999999,-3.43000000000001,-4.85,-4.24,46206,28.24,36.4933333333333,18
"27",2022091107,3419,0.329999999999998,-1.41,-7.56,8.53,-8.04000000000001,5.25,0.700000000000001,0.790000000000001,3.92,7.83,12.15,8.01,44817,88.75,15.19,14
"28",2022091100,4032,0.530000000000001,0.77000000000001,0.719999999999999,-24.77,-39.47,0.100000000000009,-0.57,0.149999999999999,-16.48,-26.41,-28.1,-18.07,41292,67.24,51.11,10
"29",2022091102,3336,-0.280000000000001,0.670000000000002,0.579999999999998,-14.41,-14.19,-0.0799999999999983,-0.73,2.12,10.21,-1.58,-3.88,-4.76,46331,46.04,28.6,10
"30",2022091200,2522,-0.140000000000001,12.25,-12.48,-8.23,10.41,-5.86000000000001,0.769999999999996,-5.76,10.55,-17.67,-16.81,-13.09,47847,57.21,37.2633333333333,42
"31",2022091102,2759,0.469999999999999,1.55,-8.46000000000001,7.73999999999999,-11.5,7.38,-0.629999999999995,2.13,7.84,-11.17,7.48,-5.19,52625,41.42,18.9533333333333,16
"32",2022091100,3310,-0.129999999999995,-6.59999999999999,-3.62,-12.68,-13.35,6.58,-0.789999999999999,2.29000000000001,10.5,-0.0899999999999963,2.25,2.41,54473,50.97,41.9533333333333,11
"33",2022091106,59,0.5,0.0700000000000003,-5.91,1.94,-17.26,-2.9,0.630000000000001,5.43,15.97,18.38,20.12,14.05,48097,44.87,4.6,12
"34",2022091113,1766,-0.320000000000007,-4.78,-32.35,-40.21,-13.03,-23.68,0.769999999999996,10.1,17.67,-0.450000000000003,44.06,11.66,37079,77.43,5.14333333333334,8
"35",2022091113,2470,0.22999999999999,-4.37,-5.28,-3.30000000000001,-14.12,-7.12,-0.83,-6.06,-7.08,17.98,13.64,7.26,41233,83.15,14.64,28
"36",2022091113,923,-0.0699999999999932,1.76000000000001,-3.20999999999999,-2.45999999999999,-8.83,-2.45999999999999,0.890000000000001,-3.15,-5.86,9.4,7.15,-3.38,46206,24.41,12.6233333333333,24
"37",2022091103,1336,0.149999999999999,1.03,-0.670000000000002,-9.51,-11.31,3.21,0.92,-4.72,-4.6,3.84,5.47,-4.03,52441,44.9,15.76,17
"38",2022091105,2369,-0.210000000000008,3.59,1.67,-1.78,-13.91,-2.08,-0.909999999999997,7.09,6.6,-18.49,-12.73,-13.7,43396,64.42,37.15,26
"39",2022091106,1544,-0.710000000000001,6.03,-3.79000000000001,-17.78,-16.4,-2.83000000000001,0.619999999999997,-4.54,-7.97000000000001,-1.68,-18.14,-8.28,43454,59.45,46.13,31
"40",2022091100,2090,0.769999999999996,13.26,-0.109999999999999,-18.32,-16.42,5.48,-0.590000000000003,-12.75,-28.57,-23.42,-26.28,-19.15,54476,52.72,48.7433333333333,7
"41",2022091100,1769,0.770000000000003,0.289999999999999,-8,-8.68,-9.25,-8.52,-0.609999999999999,4.2,-3.68,-5.03,-5.8,-6.11,41292,39.68,28.16,11
"42",2022091109,3938,0.540000000000006,0.769999999999996,-7.45,-3.55,-11.41,-6.61,0.840000000000003,-1.37,-3.33,7.78,7.2,-2.98,44852,33.11,19.7033333333333,9
"43",2022091111,1484,-0.950000000000003,4.09999999999999,4.31,-9.74000000000001,-9.69,-7.74000000000001,-0.340000000000003,8.63,8.1,6.59,8.51,7.37,44856,77.4,21.6133333333333,41
"44",2022091104,953,0.200000000000003,-1.35000000000001,7.67,-9.59,-8.62,6.98999999999999,0.990000000000002,-1.38999999999999,-1.99,-5.96,-8.96,-0.869999999999997,47834,94.42,38.7733333333333,33
"45",2022091106,314,0.989999999999995,2.38,-9.28,-1.12,-8.57000000000001,-9.10000000000001,0.310000000000002,-7.98999999999999,-12.91,-17.86,-16.91,-11.49,43454,49.4,48.4233333333333,27
"46",2022091102,1406,2.3,-3.91,1.03,0.93,-3.71,5.67,-0.609999999999999,0.439999999999998,0.230000000000004,-1.2,-0.240000000000002,1.82,47856,29.1,35.54,43
"47",2022091101,542,1.05,-3.83,-14.81,-18.39,-19.96,-8.47,0.160000000000004,-5.83,1.11,-12.55,-11.27,0.399999999999999,52595,50.83,44.4733333333333,7
"48",2022091101,272,0.409999999999997,-0.469999999999999,-8.95999999999999,-7.69,-6.48999999999999,6.49000000000001,0.990000000000002,-4.75,-5.07,-7.63,-9.54,-4.74,42347,71.41,37.7233333333333,16
"49",2022091105,1850,0.580000000000013,-3.3,4.63,-16.39,-23.15,4.25000000000001,0.910000000000004,2.28,-9.53,-4.5,-13.01,-4.6,53518,52.6,37.6933333333333,23
"50",2022091100,3554,1.03,-3.38,1.69,3.26000000000001,-2.5,4.58,-0.390000000000001,4.23,0.34,1.59,4.35,3.01,44879,66.92,19.8,30
"51",2022090800,212,0.139999999999986,-6.95,-10.01,8.72999999999999,-9.30000000000001,8.58999999999999,1.1,1.89,-0.32,5.92,9.18,5.33,52494,81.65,7.79333333333334,12
"52",2022091107,2934,0.140000000000001,3.56999999999999,7.75999999999999,-16.78,-13.49,-9.13000000000001,-1.13,1.93,13.29,-8.63,-13.21,1.96,54475,84.73,25.28,32
"53",2022091107,3527,1.03999999999999,-6.2,-11.7,-9.91000000000001,-7.27000000000001,17.72,-0.5,-16.78,-12.37,-15.54,-17.02,6.58,54501,94.23,41.7,24
"54",2022091113,3531,0.879999999999995,0.759999999999991,-4.33000000000001,-10.17,-10.8,-2.57000000000001,0.769999999999996,-1.65000000000001,7.25,-3.65000000000001,-3.26000000000001,5.09999999999999,46206,72.79,36.52,18
"55",2022091104,4197,0.759999999999991,2.44999999999999,-8.11000000000001,-7.48000000000002,11.63,-7.88000000000001,-0.899999999999999,1.09,6.63,8.97,3.07,5.73,53541,87.46,17.2033333333333,8
"56",2022091111,1392,0.219999999999999,-5.02,-7.31999999999999,-6.59,-2.26000000000001,-5.88,-1.16,-3.49,-3.2,5.63,-8.52,5.06,42794,39.25,30.3433333333333,12
"57",2022091112,2346,1.15000000000001,-1.58,-6.69,-14.16,-14.47,-14.13,0.329999999999998,6.48,9.25,-5.52,-7.74,-4.4,54597,107.32,37.36,12
"58",2022091109,3773,0.569999999999993,1.98,4.73999999999999,-2.92,-6.6,-3.02,1.06,-2.24,1.59,8.54,9.36,7.45,44835,68,18.37,17
"59",2022091200,1680,7.20999999999999,-5.86,0.640000000000001,0.919999999999995,-0.740000000000002,0.939999999999998,1.37,5.09,1.02,-1.62,-2.93,9.53,53464,39.45,20.13,48
"60",2022091100,3526,-0.539999999999992,-0.61999999999999,-3.03999999999999,-0.949999999999989,-16.17,-2.38,-1.08,-14.93,-13.61,-14.02,-20.12,-15.7,43336,67.88,49.57,8
"61",2022091103,2780,0.739999999999981,-3.39000000000001,-4.45000000000002,-10.76,-15.29,0.989999999999981,0.959999999999994,9.51,15.75,21.89,20.13,15.96,47849,80.77,2.03333333333334,9
"62",2022091113,3455,1.21,2.75,7.78,-15.04,-12.32,-3.91,-0.25,-5.24,-7.73,-15.27,-17.75,-11.45,45052,62.58,49.56,15
"63",2022091110,2424,-1.24,6.7,5.58000000000001,-10,-23.1,-3.84,-0.140000000000001,-0.359999999999999,-1.49,-22.51,11.11,6.79,40011,59.29,39.36,23
"64",2022091111,923,-1.03,-2.3,-10.46,-25.61,-31.98,4.25,0.729999999999997,1.16999999999999,13.41,17.78,9.34,3.45,40024,85.88,12.0333333333333,23
"65",2022091110,1256,0.189999999999998,6.97,7.44,-8.62,-9.34999999999999,-9.22,-1.27,-2.66999999999999,-12.46,-13.02,-13.29,-11.32,47839,102.33,46.44,15
"66",2022091103,3147,1.29000000000001,6.2,-9.81,-7.98,-11.22,3.20999999999999,0.0700000000000003,9.7,16.97,18.35,16.6,15.56,54517,51.14,3.89333333333334,12
"67",2022091112,3152,0.700000000000003,2.03,-11.24,-11.76,4.88,-10.31,-1.09,4.75,2.64,4.24,11.61,2.04,37139,45.84,20.1533333333333,16
"68",2022091102,1517,-1.09999999999999,3.41,-11.61,-2.92,-16.86,-10.56,-0.689999999999998,-11.89,-15.69,-21.52,-24.31,-12.72,52433,54.22,50.1533333333333,10
"69",2022091107,3551,1.28,8.51000000000001,-11.45,-9.18000000000001,-10,-0.170000000000002,0.269999999999996,-10.89,-18.53,-22.72,-22.78,-14.88,53463,100.17,51.74,9
"70",2022091105,2718,1.12,5.3,4.57,-12.82,-11.33,3.4,-0.720000000000001,2.84,5.42,6.32,8.73,8.59,41246,28.77,13.48,15
"71",2022091108,445,1.19,-2.42,-1.41,-12.6,0.029999999999994,1.54,0.599999999999998,-5.54,-7.74,0.399999999999999,14.34,-7.08,46309,50.95,23.1,22
"72",2022091113,1718,1.34,4.02,3.31,-8.86,-8.47,-7.89,0.140000000000001,-4.58,8.42,2.23,-4.61,1.02,44816,25.64,27.5133333333333,14
"73",2022091109,2848,1.3,4.15,4.86,-3.09,-10.52,6.92,-0.369999999999997,7.82,8.23,15.78,14.81,8.59,44849,58.92,13.4733333333333,9
"74",2022091200,1320,-3.96,-5.65,1.12,-1.06,-0.719999999999999,-0.27,3.03,1.78,-0.760000000000002,-1.07,4.87,6.3,53464,31.29,19.42,37
"75",2022090800,2688,0.329999999999998,-12.77,-19.69,-18.58,-9.19,-19.59,1.32,3.99,-6.31,-16.83,-27.36,-5.5,52536,96.33,31.34,26
"76",2022091108,347,0.170000000000002,0.280000000000001,4.81,-8.27,-5.57,2.81,1.35,-2.99,6.43,2.03,6.66,4.89,54508,46.25,20.94,7
"77",2022091100,2960,-0.160000000000011,-6.12,-6.52,14.04,-13.28,10.14,-1.36,2.59,1.78,-5.01,-11.16,-8.53,46992,94.45,44.6533333333333,17
"78",2022091111,3147,-1.34999999999999,2.12,-14.38,-13.8,-22.69,-5.34,-0.230000000000004,2.14,18.64,-19.41,8.71,7.58,42547,98.72,20.2833333333333,20
"79",2022091103,4488,1.29000000000001,12.69,13.55,-12.88,-2.58,-11.65,0.479999999999997,0.329999999999998,1.63,4.86,15.79,5.22,47835,98.92,14.4733333333333,14
"80",2022091112,2907,-0.88000000000001,-5.23,-10.76,15.28,4.11999999999999,16.59,1.06,-1.28,-6.72,7.6,23.2,6.99,52430,69.79,12.8,12
"81",2022091111,2922,0.980000000000004,4.06,1.7,-3.57000000000001,-7.99,0.789999999999992,0.990000000000002,-2.26,9.06,-9.3,6.7,-5.93,44819,67.81,15.79,24
"82",2022091113,1339,1.39,1.13,0.670000000000002,-11.78,-9.21,9.08,-0.18,-9.93,-9.44,-8.04,-10.94,-8.14,55158,35.82,41.22,10
"83",2022091108,2297,-1.36,4.96,6.52,-19.09,-20.9,-7.41999999999999,0.34,-3.07,-13.98,5.1,6.71,-1.87,54628,60.76,19.07,8
"84",2022091103,5015,1.41999999999999,3.7,-0.100000000000001,-15.47,-15.3,-1.22,-0.269999999999996,-8.21,-13.87,-17.29,-18.83,-12.51,47849,40.56,47.62,10
"85",2022091104,3148,1.14,3.22,2.96000000000001,4.38,1.75999999999999,0.219999999999999,-0.890000000000001,0.739999999999995,1.48999999999999,5.13,8.18,7.88,47834,65.53,11.7833333333333,13
"86",2022091100,3355,1.02,3.81,-9.65000000000001,10.5,-11.19,-8.53,-1.06,5.82,2.71,-3.44,0.199999999999999,2.67,46992,57.06,25.3533333333333,11
"87",2022091107,2866,1.02,2.04,-1.04,-14.37,-16.96,-7.44,-1.06,1.86,-6.28,-2.3,1.04,2.72,44817,58.11,31.4033333333333,13
"88",2022091113,3947,1.33,0.469999999999999,5.78,0.609999999999999,-18.27,1.91,0.649999999999999,-1.76,9.54,17.27,-8,8.98,46206,50.39,30.14,7
"89",2022091103,3389,0.640000000000001,5.72,8.22,-9.32000000000001,-9.25,-7.78,1.34,-3.33,3.74,-5.02,-6.28,-6.15,53434,90.65,28.87,28
"90",2022091107,3835,1.49000000000001,5.7,2.79000000000001,-8.41,-8.78,2.21000000000001,0.0499999999999972,-2.89,-9.42,-8.22,-10.82,-8.56,53463,87.6,36.45,12
"91",2022091110,1232,1.15000000000001,2.90000000000001,-1.70999999999999,-8.19,-4.72999999999999,-7.84999999999999,0.950000000000003,3.81,6.37,-10.7,-13.88,-9.3,44874,93.63,37.98,70
"92",2022091113,155,1.41999999999999,-3.92,-13.87,-0.150000000000006,-21.19,5.19,-0.5,2.2,-11.84,-18.38,5.35,8.91,52425,56.81,21.1533333333333,7
"93",2022090800,2934,1.37,-4.77,-4.66,-7.61,-6.12,-5.87,-0.68,6.2,7.19,8.67,10.27,9.95,52494,51.6,17.27,20
"94",2022091105,379,1.44999999999999,6.31,3.84999999999999,0.799999999999997,-12.18,4.07999999999998,-0.490000000000002,3.73,5.15,-9.95,3.43,-10.45,52442,72.4,20.5833333333333,21
"95",2022091111,3433,0.769999999999996,2.2,-7.98,-8.64,-10.86,-7.56999999999999,1.37,-1.98,2.13,-0.330000000000005,2.9,-0.469999999999999,47932,48.33,20.8233333333333,12
"96",2022091113,708,1.43,-1.47,-11.47,-4.98,-18.67,-10.67,-0.670000000000002,-12.84,-13.62,-19.26,-14.66,-9.93,41233,59.39,49.53,10
"97",2022091101,184,1.55,1.33000000000001,0.32,-7.48,-0.210000000000001,-6.29,-0.350000000000001,-7.6,-7.85,-11.51,-17.63,-10.56,52595,58.51,47.9333333333333,16
"98",2022091103,719,-1.5,6.72,15.36,-21.42,-30.48,-4.60000000000001,0.53,7,19.93,15.66,6.12,17.08,53484,94.51,3.71,23
"99",2022091100,2616,1.19,-4.7,-12.17,5.73999999999999,-20.04,-0.510000000000005,1.06,2.5,5.35,12.26,15.46,10.27,54473,91.59,5.47,12
"100",2022091112,941,0.320000000000007,4.99000000000001,11.14,-4.66,-4.89,11.88,1.57,7.39,-2.32,14.03,15.01,-1.38,52470,80.69,7.36,23
"101",2022091104,3391,0.760000000000005,4.13,-6.19,-7.45,9.84999999999999,-3.84,-1.41999999999999,-2.15,-11.37,10.86,10.61,-7.45,47791,83.64,36.55,19
"102",2022091104,689,1.95,-2.39,-1.37,1.97,-0.98,-3.82,-1.44,2.56,0.860000000000003,-0.75,-4.93,0.270000000000003,47834,22.96,29.65,28
"103",2022091111,2633,0.590000000000003,4.10000000000001,4.39,11.8,-3.59999999999999,12.24,1.52,-9.76,-10.59,1.4,17.76,1.09,42547,38.32,14.3633333333333,18
"104",2022091109,587,0.960000000000008,8.16000000000001,8.83,-10.3,-11.42,-9.44999999999999,-1.32,-4.05,-2.82,-5.65,-4.22,-5.03,44849,43.24,35.7533333333333,16
"105",2022091104,4075,0.650000000000006,-6.68,8.39,-8.5,-9.61999999999999,8.89,1.51,11.61,15.46,18.13,18.2,13.32,52443,65.55,5.30333333333333,12
"106",2022091100,3475,-0.43,-8.77999999999999,-10.94,-11.89,-11.57,-9.70999999999999,-1.6,-0.129999999999999,1.2,-0.129999999999999,-3.68,-4.48,41292,50.91,24.97,7
"107",2022091109,4286,1.65,1.91,1.01,1.4,-13.87,-0.829999999999998,0.31,10.1,12.39,26.4,25.18,14.02,38696,43.14,3.09,18
"108",2022091103,1648,1.69,3.73999999999999,10.47,-11.9,-9.45,12.62,0.0599999999999987,7.81,3,4.85,10.4,-2.7,43495,74.15,16.46,14
"109",2022091109,4051,0.68,-7.89999999999999,-8.92,-9.48999999999999,6.98,-6.67999999999999,-1.55,5.3,5.03,-9.45,13.93,-7.41,41349,56.33,34.8333333333333,23
"110",2022091106,1819,1.67999999999999,5.06999999999999,-2.56,-2.2,5.09999999999999,-2.25,-0.229999999999997,10.14,11.76,14.27,14.27,11.5,43454,43.73,11.3433333333333,16
"111",2022091105,4488,1.08,5.95999999999999,3.78,-9.98,-11.16,-7.8,-1.31,5.81,5.23,4.77,1.85,4.12,46173,66.23,20.67,18
"112",2022091104,1183,1.24000000000001,-1.75,-2.92999999999999,-5.75,-12.64,7.12,-1.16,3.63,3.26,-11.16,6.44,1.4,46118,46.63,15.1833333333333,13
"113",2022091107,3933,0.510000000000005,6.51000000000001,6.49000000000001,-9.95,-11.06,7,-1.62,-1.28,-0.530000000000001,-1.63,-1.67,2.37,53536,95.55,33.65,17
"114",2022091112,2840,0.730000000000004,-4.5,-4.52999999999999,-17.18,-17.71,-9.06,-1.54,5.1,13.63,6.78,7.91,-3.73,40488,41.8,19.71,18
"115",2022091200,3747,2.49,-0.47999999999999,1.59,1.06,-0.879999999999995,2.26000000000001,-0.909999999999997,3.84,0.630000000000003,2.48,5.77,5.79,53464,55.88,18.3033333333333,19
"116",2022091110,1515,1,2.1,-8.37,-0.539999999999999,4.08,4.89,-1.39,-7.31,-7.69,-12.14,12.68,12.25,40011,44.42,36,23
"117",2022091108,3318,0.729999999999997,0.189999999999998,-0.0800000000000054,-9.02,-9.77,-5.12,1.55,-2.38,-8.74,2.96,3.16,2.41,46309,45.99,22.83,12
"118",2022091104,4001,1.27,-2.92,-0.730000000000004,8.98,-9.33,6.84,1.16,4.34,7.87,-8.7,8.76,-7.96,46130,48.61,14.3333333333333,32
"119",2022091101,748,1.74,-4.37,-6.37,-3.89,-7.18,-7.07,0.359999999999999,-9.36,-10.94,-15.32,-15.54,-10.56,46093,19.76,45.04,17
"120",2022091103,3527,-1.95,1.22999999999999,1.70999999999999,0.75,0.939999999999998,-1.53,0.850000000000001,1.84,-0.52,1.88,-1.95,-1.65,46094,106.51,27.33,25
"121",2022091110,2022,1,6.52,-4.2,-14.2,-14.95,2,-1.5,1.35,8.29,-7.35,8.81,9.09,46243,55.31,16.32,18
"122",2022091110,4137,-0.18,2.2,-10.36,-11.92,-13.3,-11.62,-1.8,11.81,8.03,6.62,3.17,5.82,47845,58.54,21.56,17
"123",2022091103,3849,0.700000000000003,0.170000000000002,-6.72,-11.85,-10.01,-5.73999999999999,-1.68,3.28,-10.04,6.18,9.54,8.66,53434,87.46,15.79,23
"124",2022090800,3576,1.59,8.62,1.46000000000001,3.23000000000002,7.44,8.11000000000001,2.31,-4.99,1.09,-5.69,-4.45,-8.91,44881,69.79,41.1933333333333,70
"125",2022091103,58,1.51000000000001,2.67,1.67,2.16,0.890000000000001,-2.09,1.92,-1.83,0.73,-1.87,-4.39,3.38,53484,34.55,29.94,17
"126",2022091103,4710,1.14,6,-2.98999999999999,-6.87,-7.69,7.87,-1.45,2,-4.29,-9.85,-10.66,-9.62,47849,74.69,41.58,34
"127",2022091105,936,1.58000000000001,1.08000000000001,-1.64,-16.82,-15.65,-2.28,-0.979999999999997,3.59,15.71,5.68,8.8,6.01,41246,58.69,16.5533333333333,25
"128",2022090800,3166,1.84999999999999,1.5,9.31,-6.39,-12.52,11.17,0.199999999999996,-1.77,1.55,-14.46,-12.73,2.01,44881,48.78,39.4733333333333,33
"129",2022091103,295,0.829999999999998,3.90000000000001,-7.45999999999999,-7.33999999999999,-7.25,-6.50999999999999,1.67,-4.57,9.67,10.34,11.49,9.37,43344,48.99,12.3733333333333,19
"130",2022090800,2572,1.76000000000001,1.5,-0.359999999999999,-6.86,-6.67999999999999,-5.42,-0.649999999999999,2.24,-4.53,-0.0300000000000011,-2.29,1.33,52494,46.49,32.5133333333333,22
"131",2022091101,1945,3.94,-2.79,1.81,2.76,2.16,-0.170000000000002,-0.469999999999999,-6.12,0.5,-0.920000000000002,-5.11,-7.38,44898,44.36,33.06,50
"132",2022091112,1058,0.760000000000005,-3.48999999999999,1.81,2.35000000000001,-3.53999999999999,-3.03999999999999,-1.74,-2.07,-1.17,-2.38,-3.2,-6.76,44995,99.52,35.42,21
"133",2022091111,542,0.510000000000005,-1.53999999999999,-15.17,4.26000000000001,-16.25,-0.519999999999996,-1.83,2.53,10.17,19.23,11.82,11.61,41282,94.35,12.4133333333333,23
"134",2022091105,794,1.43000000000001,1.76000000000001,-0.480000000000004,5.89,-9.98999999999999,6.07000000000001,-1.27,4.95,6.89,-7.58,6.05,0.620000000000001,46173,104.19,18.25,16
"135",2022091109,1657,0.199999999999989,-0.990000000000009,3.19999999999999,3.16,0.109999999999999,8.31999999999999,-1.91,-5.72000000000001,-2.73,-4.26000000000001,-5.58000000000001,0.789999999999992,44852,22.62,36.2733333333333,17
"136",2022091109,839,0.579999999999998,-6.96,2.69,-10.54,-8.73,-10.8,-1.84,-10.33,-12.25,-7.15000000000001,-10.08,-6.33000000000001,44852,55.77,39.45,37
"137",2022091108,2426,1.91000000000001,2.81,1.41000000000001,-4.8,-9.89,-2.25,-0.32,-5.82,8.6,-9.01,-4.12,-8.15,54628,92.1,32.94,9
"138",2022091100,4102,1.23999999999999,11.03,-1.06,-17.1,2,-1.44,-1.49,0.390000000000001,16.35,2.11,-17.71,17.15,52942,75.5,31.15,11
"139",2022091105,3625,1.68,4.47,-9.43,-8.45,-17.65,-7.78,-1,5.7,-5.38,8.47,2.73,-4.42,53658,42.79,16.69,12
"140",2022091109,1096,1.29000000000001,1.92000000000002,-6.75999999999999,1.60000000000001,9.19000000000001,-7.63,-1.47,-6.86,3.75,-8.22,-4.95,0.709999999999997,41349,102.04,22.2733333333333,34
"141",2022091107,935,1.82,8.93,12.1,-7.75,-5.44,15.86,-0.740000000000002,-8.16,-4.61,-16.97,-18.21,4.88,47896,38.17,45.72,12
"142",2022091107,3139,-1.97,-4.61999999999999,-9.23999999999999,-17.65,-19.95,-17.59,-0.0900000000000034,2.06,-0.0100000000000051,14.91,14.36,13.1,46155,40.32,4.71333333333334,20
"143",2022091101,3591,1.48999999999999,-9.67999999999999,-8.08,-10.1,-11.39,1.03,1.31,-3.57,-4.56,-5.67,-4.23,-10.44,52595,44.36,30.5033333333333,9
"144",2022091109,128,-0.280000000000001,-3.24000000000001,-4.07000000000001,6.17,-15.1,10.58,-1.99,-2.46,13.59,12.92,-0.57,0.66,46116,44.73,23.9633333333333,35
"145",2022090800,1030,1.98,-3.67,-5.18,-9.36,-14.73,-4.4,0.350000000000001,3.67,0.650000000000006,-12.28,-9.58,-8.82,52536,60.08,37.48,16
"146",2022091111,451,1.98,5.81000000000001,4.38,-3.29,-4.38,-1.07,-0.400000000000006,10.24,12.73,17.16,17.01,16,47749,62.9,13.1733333333333,27
"147",2022091104,2736,1.67,11.34,8.32,-2.32,-4.29,0.939999999999998,1.14,6.18,9.67,14.35,17.53,13.01,47791,36,7.06,11
"148",2022091108,2914,0.719999999999999,-0.660000000000004,1.65,4.34,1.28,11.02,4.5,8.93,-1.18,0.469999999999999,4.43,-2.18,46071,41.42,20.27,24
"149",2022091113,1101,2.03,-3.15000000000001,-10.89,-5.46000000000001,-15.09,5.05,-0.0900000000000034,2.28,5.43,-19.85,-14.07,-11.59,37079,75.4,40.4333333333333,21
"150",2022091101,4104,2.02999999999999,-3.54000000000001,-0.740000000000002,6.58999999999999,-17.56,0.959999999999994,0.200000000000003,-5.02,-11.82,18.08,-9.57,-10.4,52595,61.7,30.6633333333333,16
"151",2022091113,3431,2.91,-0.560000000000002,1.98,3.82,1.73,3.09,1.18,-7.95,-0.559999999999995,-3.38,-6.1,-8.4,43293,55.56,40.26,15
"152",2022091100,522,1.98999999999999,3.42,2.03999999999999,4.41,1.75,5.72999999999999,-0.82,5.48,-0.32,-2.19,5.59999999999999,-3.03,48415,33.87,13.6433333333333,30
"153",2022090800,3513,1.42999999999999,4.91999999999999,0.329999999999984,-8.12,-2.96000000000001,-0.350000000000009,1.49,-3.6,8.88,7.51,-11.06,-8.54,53678,70.46,21.1133333333333,12
"154",2022091111,3123,1.09,4.87,14.2,-2.91999999999999,-7.86,19.5,-1.76000000000001,-0.590000000000003,-1.86000000000001,-19.42,-20.81,-4.2,47932,74.69,48.5333333333333,10
"155",2022091109,2425,-1.98,-11.02,-11.95,-44.52,-45.03,-6.38,-0.640000000000001,0.870000000000001,-24.65,-5.46,-2.92,-13.54,46116,87.28,31.9233333333333,15
"156",2022091113,2518,0.359999999999999,2.23,-12.18,-9.8,10.53,-10.25,-2.07,-6.27,6.5,11.44,-11.14,4.98,41233,96.56,17.36,23
"157",2022091112,1946,1.09,-2.93,2.3,-2.33,0.940000000000001,2.56,-1.8,9.6,-2.32,12.22,13.45,9.71,54597,29.13,13.06,19
"158",2022091105,1968,-2.09999999999999,-3.09999999999999,-11.88,-38.33,-38.45,-8.09,-0.180000000000003,7.65,7.54,2.43,4.35,-4.7,41246,71.63,24.51,11
"159",2022091111,694,0.850000000000001,-0.799999999999997,4.35,-4.69,-9.32,-4.98999999999999,1.95,-5.52,9.06,-10.24,8.87,9.82,54725,57.55,15.17,20
"160",2022091106,2405,1.94,4.09000000000001,3.72,15.93,-8.24999999999999,-9.13,-0.880000000000003,8.38,15,11.11,20.56,19.2,42718,60.15,9.51333333333334,59
"161",2022091100,783,2.11,0.719999999999999,8.23,-5.92999999999999,-7.59,-5,-0.309999999999995,-4.86,-0.659999999999997,-8.14,-7,-6.96,45244,81.67,38.8033333333333,15
"162",2022091100,2135,1.16999999999999,1.39999999999999,2.16,-10.52,-8.56000000000001,3.97999999999999,1.81,-3.75,-7.74,8.08,10.27,11.64,41292,64.93,12.9633333333333,29
"163",2022091100,1552,1.95,-2.09999999999999,-7.39,-10.35,-10.47,-0.859999999999999,-1,1.73,3.83,3.28,4.07,3.19,54473,36.08,18.0433333333333,23
"164",2022091105,77,-2.58,2.95999999999999,1.97,-3.03,1.23,-1.25,0.459999999999997,0.969999999999999,1.02,3.54,4.83,4.15,52449,34.78,22.8633333333333,27
"165",2022091111,1307,3.11,5.56,0.129999999999995,2.69,2.97,5.39999999999999,-2.97,1.77,2.22,-0.199999999999999,-0.690000000000001,4.1,45573,16.67,23.1533333333333,73
"166",2022091200,1129,2.12,-6.76000000000001,-6.42999999999999,-6.23999999999999,-7.14,-6.95999999999999,0.719999999999999,0.390000000000001,2.08,3.42,0.979999999999997,-0.840000000000003,47987,86.64,20.6833333333333,27
"167",2022091200,1217,2.19999999999999,5.56999999999999,2.53999999999999,7.84999999999999,8.35999999999999,-2.32000000000001,0.420000000000002,-6.82,-1.48,-6.3,-8.53,-8.93,47847,78.24,41.5833333333333,55
"168",2022091200,1004,2.05,-5.45999999999999,-4.55,-5.53,-3.44,-1.51000000000001,-0.910000000000004,4.88,5.16,6.18,8.08,-7.97,47847,35.83,18.7933333333333,21
"169",2022091105,3387,2.23999999999999,-1.94000000000001,-2.7,-6.39,-2.02000000000001,-2.95,-0.270000000000001,7.51,8.48,8.36,10.91,10.01,48118,103.65,11.39,16
"170",2022091106,2450,2.19999999999999,1.03,9.98999999999999,-0.969999999999999,-6.04000000000001,3.5,-0.560000000000002,-3.62,0.989999999999998,-10.8,-9.03,6.05,46111,77.93,30.0033333333333,13
"171",2022091100,1928,0.0600000000000023,-7.41,-1.55,0.179999999999993,-7.94,1.82000000000001,-2.27,4.25,8,-8.48,4.24,9.37,53433,84.86,19.6333333333333,11
"172",2022091112,1236,1.78,3.3,2.73999999999999,-8.77,-7.93000000000001,1.47,1.42,-2.95,-1.2,-12.87,-13.42,-6,52584,102.5,39.0133333333333,11
"173",2022090800,569,0.859999999999999,-1.68000000000001,-3.23999999999999,-12.24,-12.04,2.44,2.11,2.26000000000001,12.47,4.08,5.85,-2.75,42489,32.64,15.6633333333333,8
"174",2022090800,2599,-0.319999999999993,1.12,8.97000000000001,7.37,-8.81999999999999,10.76,2.26,-4.53,1.3,-6.65,12.49,-3.28,42448,52.46,14.6533333333333,13
"175",2022091107,1051,1.9,-4.99,-0.810000000000002,-19.58,-18.12,-1.28,-1.31,-6.33,-8.86,-15.11,-18.47,-13.56,44817,54.46,49.96,9
"176",2022091101,850,2.31,0.619999999999997,0.439999999999998,-7.71,-9.46,-1.26,0.0700000000000003,11.78,8.31,18.47,17.79,14.11,43808,33.96,9.82,9
"177",2022091104,1871,1.54,-11.71,-12.92,-15.31,-3.18,-8.05,-1.75,2.55,3.48,-10.23,-20.84,-11.72,44930,60.02,44.18,17
"178",2022091108,1222,1.95999999999999,2.66,-9.47,5.98,-7.23,5.68000000000001,-1.29,4.29,-5.17,-9.44,-9.08,-6.16,42589,105.36,33.19,11
"179",2022091100,1359,1.69,3.56,7.60000000000001,9.74,-12.71,5.62,-1.63,2.19,0.82,8,6.21,7.61,45355,47.13,16.4833333333333,18
"180",2022091200,1851,2.34,-4.92999999999999,1.06,2.84,0.430000000000007,-4.42999999999999,-5.56,-3.88,-2.11,-0.999999999999996,-5.14,-4.9,53464,74.91,32.69,38
"181",2022091103,2483,0.170000000000002,2.76000000000001,1.74,2.36,1.26000000000001,1.04000000000001,2.7,-0.119999999999997,1.6,0.41,-2.67,-3.58,53453,43.3,24.72,36
"182",2022091107,2791,2.05000000000001,7.14,-0.899999999999991,-13.13,6.72,-8.11,1.20999999999999,-4.94,-10.66,3.25,-13.3,3.87,44817,32.24,32.8833333333333,33
"183",2022091200,688,2.39999999999999,2.92,0.5,3.78999999999999,-1.05,-3.24000000000001,0.0200000000000031,-4.34,3.81,5.02,-9.63,-4.88,47803,103.09,16.9,29
"184",2022091109,3962,2.40000000000001,-2.09,-2.73,-14.85,-13.48,4.38,0.280000000000001,8.28,15.02,9.43,13.8,9.67,54481,40.5,6.84333333333333,12
"185",2022091105,912,2.42,0.790000000000006,-9.17999999999999,-10.97,-8.14,2.32000000000001,0.219999999999999,9.21,11.73,11.34,14.49,13.61,53576,43.63,8.73333333333333,12
"186",2022091109,3357,0.579999999999998,-8.15,-8.94,-9.08,-9.72,-9.19,2.36,-1.79,1.9,-1.86,-0.359999999999999,2.28,46116,69.72,31.15,34
"187",2022091106,3253,2.06,-1.99,-14.27,2.22,-12.22,1.79,-1.3,-1.69,-3.01,-14.52,-10.33,2.93,53435,59.43,28.68,14
"188",2022091106,3337,0.0799999999999983,-8.26000000000001,9.85,-7.47000000000001,-8.17,-6.12,-2.51,-5.56,5.13,-9.2,-8.8,-7.98,46203,61.27,41.33,52
"189",2022091113,2743,0.439999999999998,3.68,3.13,0.769999999999996,-10.63,-9.7,2.51,-6.24,-6.28,10.26,-3.1,-3.83,52425,52.69,29.5633333333333,32
"190",2022091112,133,-0.0399999999999991,-2.68,-10.15,0.850000000000001,-17.05,-9.67,-2.55,7.22,-0.23,13.35,6.95,0.189999999999998,52430,60.93,20.92,24
"191",2022091200,3125,2.31999999999999,1.03,2.17999999999999,3.7,5.08,-3,2.47,6.44,1.34,-1.08,2.54,6.7,53464,48.78,19.9533333333333,40
"192",2022091100,1672,2.03999999999999,1.09,2.91,4.16,-4.44999999999999,6.38,-1.56999999999999,-5.79,-2.81999999999999,1.04000000000001,-11.27,-2.13,39975,74.69,35.2833333333333,32
"193",2022091100,3177,1.08,-5.75,-4.37,-18.24,-3,-7.53,2.36,6.97,10.89,-11.06,-21.51,-7.12,41292,96.42,36.94,24
"194",2022091105,3070,-0.439999999999998,0.170000000000002,0.0700000000000003,-3.65,-4.45,-3.04,-2.56,9.34,10.13,-11.33,-11.11,-10.38,44792,60.19,40.95,36
"195",2022091108,815,-0.75,-3.78,0.890000000000001,2.3,-14.93,0.289999999999992,-2.49,0.759999999999998,12.5,-12.52,0.389999999999997,12.75,53074,78.29,23.42,10
"196",2022091103,5039,0.509999999999998,4.81,-13.17,-10.53,-20.29,-7.26,-2.56,2.83,10.75,15.91,3.18,9.59,53484,58.22,29.79,26
"197",2022091103,4175,1.77,4.61,9.68,-11.39,-10.82,8.69,1.92,-1.96,-0.809999999999999,16.25,16.84,12.25,53484,40.28,12.45,20
"198",2022091109,978,1.42,10.77,10,-9.53,-9.94,-8.15000000000001,-2.2,-1.94,0.0599999999999952,-13.41,-14.28,-12.68,52474,87.81,45.3933333333333,12
"199",2022091107,412,2.5,4.27,-6.80000000000001,-7.34,-10.22,-6.69000000000001,0.789999999999992,-3.73,-7.76000000000001,-8.09,-5.77,-6.85,54501,21.9,32.3833333333333,16
"200",2022091107,3503,2.48,3.58,4.12,-8.17,-7.34,4.89,-0.880000000000001,4.39,-8.61,9.3,10.22,-7.2,46226,92.17,13.55,15
"201",2022091104,1436,1.48,-4.27,-5.94,-5.36,-6.67999999999999,-4.77,2.18000000000001,0.390000000000001,-1.37,-3.16,1.14,-3.06,47834,52.36,35.8133333333333,17
"202",2022090800,167,0.569999999999993,1.28,-7.90000000000001,-9.19,-10.29,-8.68000000000001,-2.59,8.59,2.62,3.97,1.21,4.08,42489,67.62,24.7633333333333,18
"203",2022091113,2672,-2.21000000000001,-0.0700000000000074,-2.88000000000001,-18.33,-17.24,4.34999999999999,-1.48999999999999,3.27,14.71,-4.27999999999999,9.25,0.740000000000002,46206,46.7,14.9533333333333,10
"204",2022091109,563,2.65000000000001,12.37,12.22,-8.64,-7.84,-1.14999999999999,-0.310000000000002,1.76,2.56999999999999,-17.99,-18.86,-13.08,44849,40.19,43.1333333333333,15
"205",2022090800,2884,0.739999999999995,12.99,14.09,-9.01000000000001,-12.69,-8.18000000000001,-2.58000000000001,-13.81,-14.12,-23.72,-22.65,-23.61,43399,52.39,48.1433333333333,12
"206",2022091109,3544,4.29000000000001,6.61,2.67,5.40000000000001,-2.76000000000001,10.11,1.25,6.89,0.289999999999999,-0.189999999999998,11.57,-2.84999999999999,44852,31.08,17.0233333333333,20
"207",2022091108,1015,1.61,1.36999999999999,-9.58,-11.39,-12.19,-2.73,-2.15000000000001,2.63,-4.66,-2.65000000000001,-3.9,7.97,44908,64.92,35.5733333333333,13
"208",2022091110,3399,0.930000000000007,5.03,5.69,2.19,-8.45,2,-2.55,1.44,2.52,-7.9,-1.12,-6.89,46243,65.44,31.1633333333333,27
"209",2022091110,3002,-1.77,-6.31999999999999,-5.54000000000001,-7.58,-6.16,-5.93000000000001,-2.07,-0.329999999999998,-2.35,-0.449999999999999,-4.51,-5.52,44917,51.5,31.4433333333333,36
"210",2022091113,1217,2.07000000000001,-5.34999999999999,4.07000000000001,-5.73999999999999,-5.95999999999999,-6.44,1.79,4.79,-4.07,4.36,5.53,4.73,44896,98.07,21.4433333333333,27
"211",2022091108,705,1.19000000000001,6.78,4.65000000000001,-6.78,-7.69,5.11,-2.47,4.82,4.84,-9.79,-9.57,8.88,42589,23.85,32.8033333333333,20
"212",2022091113,3853,2.42,1.98,-11.15,-11.77,-19.21,-3.48,1.29,-2.17,-7.44,9.08,-2.37,13.01,45052,51.91,27.22,15
"213",2022090800,3383,2.28,5.44,5.3,-2.14,-2.75,-0.509999999999991,1.55,7.06,6.22000000000001,10.17,-11.83,-10.76,44881,42.66,14.0633333333333,30
"214",2022091110,195,-2.67000000000002,-2.40000000000001,1.37,3.81,3.50999999999999,0.97999999999999,0.700000000000003,6.01,2.87,0.0800000000000018,1.58,6.5,41325,76.4,21.6633333333333,26
"215",2022091111,2089,2.73,7.25,5.13000000000001,-7.67,-8.63000000000001,7.67999999999999,-0.460000000000001,2.11,-2.76,-13.16,-12.57,-7.23999999999999,52520,79.61,42.0133333333333,16
"216",2022091106,835,2.51,5.03,-8.63,1.79,-8.41,3.7,-1.18,-8.97,-7.29,11.98,-9.09,10.2,43454,19.38,35.06,40
"217",2022091107,230,0.210000000000001,1.92,-2.92,-3.14,-2.13,6.76,-2.77,3.05,7.14,-12.36,-12.82,0.57,52500,45.89,35.99,12
"218",2022091111,1148,0.200000000000003,5.90000000000001,-11.59,-13.99,-14.52,-6.12,-2.79,1.98,1.14,3.68,-0.82,-2.71,42547,51.05,25.22,15
"219",2022091103,2976,2.16,0.459999999999994,2.25999999999999,-0.800000000000011,-25.78,-7.12,1.79,-5.04,-9.2,22.62,-4.61,2.08,43344,69.4,29.9,8
"220",2022091100,3647,2.61999999999999,6.13,5.64,5.19,-11.17,6.42,-1.02,4.87,8.02,8.72,-7.85,7.59,41292,102.59,43.54,19
"221",2022091103,364,1.34,4.01000000000001,-10.36,6.76000000000001,-12.16,-9.01,2.48,-4.29,2.56,-9.52999999999999,-4.23999999999999,-2.36999999999999,52441,68.61,32.3933333333333,36
"222",2022091200,786,-1.02000000000001,1.75,-3.5,8.47999999999999,-5.59,-5.09,2.64,-3.49,-5.4,1.1,-8.15,-9.25,52526,43.48,29.0033333333333,17
"223",2022091106,1774,2.17,3.77,2.86,1.32000000000001,9.78,4.54000000000001,1.84,-3.23,-4.38,11.07,-6.7,7.13,53435,42.58,21.3033333333333,13
"224",2022091103,2291,1.5,-4.83,-11.81,-8.69999999999999,-16.16,-6.22999999999999,2.46,2.39,-1.57,9.16,0.100000000000001,-3.51,53434,97.6,29.9833333333333,44
"225",2022091105,1518,1.74,0.910000000000004,-6.73999999999999,-5.48999999999999,10.51,7.82,2.3,-4.38,-8.41,-9.3,-3.27,1.95,47842,46.05,37.62,9
"226",2022090800,2527,1.25,-3.51000000000001,-0.180000000000007,-10.89,-12.08,0.289999999999992,-2.61,-4.07,5.88,3.37,-1.76,6.31,42448,41.06,26.5833333333333,12
"227",2022090800,486,2.88999999999999,2.48,-3.94,-9.58,-8.63,2.77,0.240000000000002,-5.54,-8.62,7.58,9.35,7.19,44881,63.35,20.45,25
"228",2022091110,2356,-2.06,1.72,7.76000000000001,-7.72999999999999,-8.16,5.5,-2.08,3.93,2.34,-6.75,10.51,-5.98,37077,46.27,14.2233333333333,20
"229",2022090800,1230,2.15,2.9,6.7,1.84,-13.29,9.29000000000001,2.02,-7.32,1.02999999999999,-7.68,-6.1,4.59999999999999,53678,60.83,32.6333333333333,20
"230",2022090800,1358,3.82000000000001,4.09,2.95000000000002,2.60000000000001,2.25,-2.85999999999999,-1.38,3.39,0.0900000000000034,4.07,5.9,8.5,44881,80.76,15.5133333333333,49
"231",2022091109,743,8.28,3.03,2.96,7.31,-3.16,12.24,-1.21,-8.8,-0.0499999999999972,-0.949999999999996,-12.3,1.36,44852,35.01,35.72,58
"232",2022091112,2267,0.780000000000001,9.03999999999999,7.38,1.23999999999999,-9.76000000000001,9.47,-2.86,0.149999999999999,4.22,-10.42,-10,3.1,41230,73.06,41.47,23
"233",2022091106,657,1.88,2.79,9.77,-9.5,0.950000000000003,6.61,2.3,-1.33,-1.81,-7.35,-14.19,-8.69,42437,54.58,38.28,21
"234",2022091107,3601,2.93000000000001,4.72,-8.42,-7.8,9.96000000000001,-7.09999999999999,-0.520000000000003,4.36,-5.8,-8.46,5.95,-5.91,54501,102.99,37.5,17
"235",2022091103,3779,2.39000000000001,4.09,-8.71,-9.63,-10.05,-8.19,1.78,-3.17,-0.490000000000002,1.23,0.279999999999998,-0.930000000000003,44860,63.87,22.67,23
"236",2022091200,3596,2.90000000000001,-9.2,-7.42999999999999,9.82000000000001,-8.25,2.34,0.729999999999997,11.93,14.18,15.51,16.41,15.09,52526,39.8,14.3333333333333,27
"237",2022091112,2569,2.66,-7.09,-8.11,-9.76000000000001,-10.54,-12.19,1.4,5,1.95,2.91,4.86,-0.27,52584,54.15,23.1733333333333,16
"238",2022091106,633,3.01,1.17,0.490000000000002,-0.509999999999998,0.019999999999996,-1,0.219999999999999,-7.41,-8.22,-12.15,-12.82,-11.46,53549,50.39,44.28,19
"239",2022091111,1368,0.269999999999996,0.240000000000009,-2.2,-8.47,-9.58,-6.95,-3.05,4.67,5.71,2.02,-0.829999999999998,-0.440000000000001,53526,26.19,30.2633333333333,16
"240",2022091101,3862,1.97,-1.35,1.23999999999999,4.01,3.18,3.54,2.37,6.27,2.99,2.95,5.74,6.53,44820,53.63,15.3,53
"241",2022091103,2931,1.53,2.78,5.35,8.41,-8.6,-7.29,-2.68,2.35,10.69,-9.27,10.99,8.44,53434,45.96,11.57,13
"242",2022091101,662,4.72,8.84,3.00999999999999,1.99000000000001,3.08,2.15000000000001,0.299999999999997,1.83,0.689999999999998,15,14.82,9.28,42347,64,12.5433333333333,28
"243",2022091101,1720,1.08999999999999,8.63,-11.96,-2.51000000000001,-16.3,-3.01000000000001,-2.89,-1.1,-2.74,-16.62,-4.78,-10.71,46093,53.79,36.0533333333333,32
"244",2022091104,1938,1.39,2.53999999999999,3.81,-12.13,-11.88,-9.88000000000001,-2.76,8.36,6.12,4.79,8.39,6.99,53541,86.09,23.61,42
"245",2022091110,1959,0.890000000000001,2.54000000000001,3.81,-8.79000000000001,-4.61,-6.5,-2.97,4.04,5.07,-9.94,-13.55,-9,48646,76.39,42.8233333333333,21
"246",2022090800,3190,2.92,2.11999999999999,2.75,-7.63000000000001,3.09999999999999,15.57,1.05,8.96,8.1,19.8,21.77,10.15,43399,52.01,8.32333333333334,17
"247",2022091106,974,-2.32,4.27,7.75,5.5,-13.33,-0.859999999999999,2.08,-0.0499999999999972,-3.92,7.94,1.6,-6.09,46192,51.87,25.24,16
"248",2022091103,5096,3.09999999999999,-5.68000000000001,-11.13,-10.15,-11.64,-8.90000000000001,0.490000000000002,1.1,-2.27999999999999,-6.36,-3.41,-6.24,53484,70.62,34.3,22
"249",2022091110,1649,-3.01000000000001,2.87,-21.64,-19.85,-28.37,-19.62,-0.920000000000002,-2.86,-9.8,-23.47,-19.72,-9,47808,60.24,49.5433333333333,11
"250",2022091111,1975,0.350000000000001,4.68000000000001,2.14,-8.7,-9.42,-8.3,3.13,-5.82,7.69,-1.14,-1.8,-2.24,53526,55.66,30.5833333333333,15
"251",2022091102,364,5.5,-3.44,3.14999999999999,3.47,-2.01000000000001,-2.74000000000001,-1.09999999999999,4.56,-0.0999999999999943,1.57,5.69,5.69,47856,22.12,18.5633333333333,56
"252",2022091109,1997,2.8,-1.62,-5.91,-13.66,-7.15000000000001,-4.40000000000001,-1.48,3.5,-2,7.37,14.51,-0.769999999999998,44849,97.97,16.65,12
"253",2022091113,2030,3.35,6.55,3.13,5.87,5.53,6.55,-2.23,3.46,-0.539999999999999,4.31,8.23,7.48,54556,43.87,13.5,22
"254",2022091200,3467,3.18,1.28,7.95,-2.92,-5.17,9.55,0.0799999999999983,-4.41,-3.9,-9.06,8.49,-2.45,46189,40.4,17.39,21
"255",2022091102,3695,3.74,4.12,3.07,2.9,-1.99,5.96,-1.73999999999999,1.39,-0.839999999999996,-2.21,-10.67,-6.43,47819,30.94,41.58,34
"256",2022091113,1742,1.04000000000001,0.460000000000008,-0.629999999999995,-9.22999999999999,-9.69,5.17,3.01,-3.97,-7.77,2.54,-1.16,0.27,42033,30.99,24.8833333333333,13
"257",2022091110,649,1.58,5.20999999999999,4.48999999999999,-11.32,-11.66,3.45,2.77,-0.810000000000002,-5.44,3.13,-3.06,-5.54,40011,102.61,35.8433333333333,22
"258",2022091109,163,3.18000000000001,-8.84999999999999,9.44,-15.46,-16.94,6.63999999999999,0.280000000000001,1.58,11.55,3.84,-4.42,-8.66,44849,73.09,39.2233333333333,20
"259",2022090800,646,1.35,5.87,1.94,2.86000000000001,5.04000000000001,-3.5,-2.91,2.68,-3.48999999999999,-6.44,-6.05,-6.71,47879,55.66,37.5133333333333,34
"260",2022091111,336,0.760000000000005,2.45,8.08,-8.75999999999999,-10.48,5.79000000000001,3.14,-4.85,-2.44,8.82,11.34,-1.95,41282,40.99,17.5733333333333,18
"261",2022091106,2978,1.88,-5.38,-6.43,9.73999999999999,-10.91,5.44,2.64,-3.97,-4.55,-4.28,-0.509999999999998,-5.59,46203,69.33,34.19,15
"262",2022091110,4099,3.18,2.72,-5.93,-8.96,-4.72,-3.49,0.659999999999997,-6.58000000000001,-10.25,-8.56,-11.82,-10.03,47808,53.35,45.24,11
"263",2022091102,2532,1.69,1.84999999999999,2.72,-5.56,-8.93,1.86,2.78,-3,4.34,2.79,2.76,5.4,47856,42.27,19.42,17
"264",2022090800,56,2.09,3.7,4.67,-8.07000000000001,-10.63,2.05,-2.5,3.09,6.01,7.49,4.88,8.4,42489,39.81,16.8033333333333,18
"265",2022091107,3115,2.02000000000001,3.58,5.8,2.07000000000001,-9.23999999999999,-8.17999999999999,2.56,-5.44,-4.23,-11.36,7.09,5.8,46155,26.02,18.7733333333333,40
"266",2022091101,382,3.09,4.6,3.92,3.57,1.52,0.25,-1.08,2.12,-0.510000000000002,1.85,4.56,5.15,44820,43.62,17.17,51
"267",2022091106,2237,3.02,5.03999999999999,8.30999999999999,-6.80000000000001,-5.40000000000001,5.20999999999999,-1.32,2.47,4.16,10.55,13.55,7.98,47870,102.51,8.83,24
"268",2022091101,4068,3.28,5.95999999999999,12.02,4.06,-8.01000000000001,-8.95,0.359999999999999,6.5,-2.97,13.15,12.02,8.82,44898,47.95,11.9033333333333,15
"269",2022091112,1700,2.92999999999999,3.17999999999999,2.92,5.53,2.50999999999999,-1.82000000000001,2.15,-3.62,1.55,0.25,-5.17,-6.07,44853,38.2,39.9333333333333,22
"270",2022091110,3161,-0.0999999999999943,-1.36,-0.299999999999997,-0.180000000000007,-7.26000000000001,1.98,-3.33,4.19,-7.65,8.44,-8.26,-8.92,48646,90.25,34.47,31
"271",2022091104,2492,3.34,-4.72999999999999,-3.81999999999999,-1.89999999999999,-15.53,-2.14,0.119999999999997,9.73,11.78,22.72,20.58,14.46,47834,40.85,4.93333333333334,17
"272",2022091107,2635,-1.16,-0.849999999999998,-5.38,-12.56,-11.53,1.94,-3.14,5.33,-12.09,6.18,9.21,8.92,46155,31.04,14.37,44
"273",2022091200,3628,3.11,0.970000000000013,7.26000000000001,-8.72,-10.14,9.40000000000001,-1.3,3.47,-4.61,8.74,8.12,-4.43,52526,47.46,12.7133333333333,28
"274",2022091102,756,5.08000000000001,-2.84999999999999,1.98,-1.94999999999999,-0.539999999999992,-6.30999999999999,0.469999999999999,-6.54,2.73,-3.5,-4.16,-4.44,53646,38.35,35.5733333333333,23
"275",2022090800,3407,1.91,-6.14,-7.65000000000001,-9.01000000000001,-11.4,7.39999999999999,2.82,1.03,2.99,2.51,-0.870000000000001,-2.59,47853,47.98,23.4433333333333,13
"276",2022091100,1887,2.67000000000002,-3.86999999999999,5.13000000000001,-15.3,-19.5,-4.84999999999999,-2.13,-2.52,-0.510000000000002,6.52,-3.81,4.04,54473,67.04,28.5633333333333,40
"277",2022091110,1068,2.83,2.52999999999999,-1.06,-7.44,-8.73,-7.02,-1.93,7.49,-7.08,4.43,2.86,3.93,46243,40.2,24.89,33
"278",2022091101,1077,3.42999999999999,-0.359999999999999,-13.02,-15.19,-7.10000000000001,0.780000000000001,-0.0700000000000003,8.22,18.39,17.83,23.41,15.9,43808,25.87,7.93333333333334,17
"279",2022091103,1565,2.88,-8.42,5.52,-12.65,-13.64,7.22,-1.87,-0.59,-9.94,-3.29,-2.77,6.68,53434,56.58,32.04,40
"280",2022091112,991,4.62,7.58,3.08,-3.47999999999999,0.640000000000001,14.11,4.29,-2.29,1.52,13.99,15.07,2.13,41230,94.63,15.72,27
"281",2022091106,130,3.3,3.48,4.52,-6.06,-7.55,3.95,1.01,-2.67,1.02,3.18,-0.510000000000002,2.46,47870,61.5,27.94,26
"282",2022091106,2191,2.84,-0.799999999999997,-2.16,-5.18000000000001,2.20999999999999,-5.23,1.98,6.61,7.43,8.88,10.47,7.85,44912,87,13.75,45
"283",2022091108,3688,3.50999999999999,5.42,6.22999999999999,-14.46,2.33999999999999,-14.97,0.0700000000000003,-8.19,-8.84,-13.85,-20.59,-12.2,54628,41.98,47.8833333333333,14
"284",2022091110,2474,0.0400000000000063,-4.65000000000001,-6.73,-14.53,-1.59999999999999,-5.04000000000001,-3.52,3.66,3.12,4.19,16.59,8.03,54519,84.25,34.47,41
"285",2022091110,593,1.98,4.60000000000001,-9.31999999999999,-4.78,-10.07,-3.82999999999998,-2.92,2.58,-2.85,8.82,-3.99,6.88,40011,89.35,35.0033333333333,24
"286",2022091106,2019,3.06999999999999,5.8,6.23,-4,-6.4,4.89999999999999,-1.74,-3.05,2.26,-6.11,7.28,6.1,42363,64.67,14.92,26
"287",2022091109,1309,3.42,4.45,-10.25,-10.11,-12.09,-9.90000000000001,-0.880000000000003,3.12,12.67,13.52,14.43,12.12,43722,40.75,7.46333333333334,13
"288",2022091113,465,3.15000000000001,5.02,6.54000000000001,-17.24,-6.20999999999999,-1.02,-1.61,2.05,3.7,-2.57,17.09,5.77,41233,75,20.09,32
"289",2022091104,865,-3.11,5.34,-10.91,0.340000000000003,-17.57,-5.36,-1.7,-5.12,-5.17,-16.95,-19.3,-7.06,47834,80.52,49.36,13
"290",2022091104,2928,-1.66000000000001,6.53999999999999,3.52999999999999,3.36,1.77999999999999,-1.85000000000001,-4.05,1.02,-0.32,-2.87,-4.05,-8.99,47791,68.04,37.89,47
"291",2022090800,1334,3.40000000000001,-0.569999999999993,-9.87,12.76,5.49000000000001,-0.519999999999996,1.12,-3.78,7.98,-6.34,-15.65,4.75,41290,82.38,42.5833333333333,10
"292",2022091105,4707,3.59,-0.210000000000008,-11.68,-2,-13.97,-1.76000000000001,-0.0399999999999991,-3.92,-10.39,-20.86,-16.76,-12.24,41246,53.81,49.3333333333333,17
"293",2022091104,2130,-3.54000000000001,3.48999999999999,-3.95,-4.18000000000001,-8.57000000000001,-7.48,-0.629999999999999,1.53,-0.0800000000000018,-1.12,0.48,-0.150000000000002,53579,38.98,27.3833333333333,36
"294",2022091111,2065,3.30999999999999,0.219999999999999,5.52,-5.72,-5.84,5.72,1.41,7.61,13.3,14.62,15.32,12.89,45573,72.17,8.10333333333334,12
"295",2022091107,2219,2.99000000000001,-0.829999999999998,2.40000000000001,5.92,-1.3,0.38000000000001,2.44,7.13,2.7,0.159999999999997,6.4,9.63,53536,18.82,20.1433333333333,29
"296",2022091103,340,2.8,-7.17,-6.45999999999999,-4.81,-9.06999999999999,-4.03999999999999,-2.31999999999999,-3.20999999999999,-5.44,-7.08,-3.81999999999999,-7.21,46094,52.08,36.7033333333333,31
"297",2022091101,85,3.62,-0.390000000000001,3.86,1.29,10.39,10.07,0.359999999999999,-7.17,-0.549999999999997,-5.75,2.95,-2.62,44820,25.95,36.58,22
"298",2022090800,414,3.19,-5.15000000000001,2.66999999999999,4.33,5.38999999999999,7.65,2.99,6.74,2.5,0.540000000000001,3.5,4.12,43399,49.52,15.9,35
"299",2022091105,1613,1.25,10.2,6.88,-7.77000000000001,-9.18000000000001,2.53999999999999,-3.44,1.48,-7.47,-13.96,-13.44,-11.61,52442,79.29,43.72,18
"300",2022091113,2866,3.44999999999999,-5.40000000000001,-12.48,11.42,-18.95,-0.830000000000013,-1.3,-0.910000000000004,-1.25,6.41,-14.46,-5.68,46206,67.65,41.7,22
"301",2022091107,1618,3.72,4.44,11.35,-8.19,-12.19,3.44,0.0100000000000051,-3.2,-7.01,-13.74,-15.84,-12.85,47896,81.79,40.4533333333333,24
"302",2022091108,1354,-3.34,4.13,-4.11,-4.42,-9.51000000000001,7.36,-1.7,-1.24,-0.669999999999998,-1.52,0.560000000000002,3.23,46071,42.84,27.9133333333333,21
"303",2022091105,2817,3.43,-4.44,-5.2,-7.84,-7.61,-7.33,1.56,-3.63,-3.57,-0.719999999999999,-6.06,-0.460000000000001,54572,58,33.71,18
"304",2022091109,1772,-0.589999999999989,3.53,-1.58999999999999,-7.92999999999999,-9.66999999999999,-8.16999999999999,-3.73999999999999,-11.89,-14.55,-12.62,-11.83,-11.15,52474,49.32,48.1333333333333,31
"305",2022091109,3840,3.61,5.97,0.359999999999999,-0.0900000000000034,-12.85,0.719999999999999,1.2,-6.27,11.78,-12.22,-9.75,11.06,44852,27.48,35.9433333333333,22
"306",2022090800,1967,3.73,2.76,-7.62,-7.75,-10.39,-6.71,-0.77,5.07,0.57,-1.37,-0.789999999999999,0.649999999999999,47853,25.63,23.71,14
"307",2022090800,2336,3.79,-6.88,-7.99,-7.86,-8.35,-6.88,-0.479999999999997,0.510000000000002,0.710000000000001,-1.69,-2.43,-2.55,47853,61.74,29.74,25
"308",2022091109,2579,4.15,2.15,3.81,3.85,-3.13,8.16,0.740000000000002,8.02,-0.32,-3.48,9.77,-4.61,44852,33.4,19.31,40
"309",2022091105,3094,-3.38,-2.75999999999999,11.06,-12.65,-18.74,-8.53,-1.83,5.6,5.24,-4.13,7.6,4.99,48118,85.24,17.57,20
"310",2022091112,2428,3.58999999999999,-4.83000000000001,-0.77000000000001,-10.7,11.2,-8.02000000000001,-1.4,4.13,10.4,1.68,3.47,1.28,45094,33.18,21.4333333333333,18
"311",2022091100,4266,4.64,4.32000000000001,0.579999999999998,-7.73,1.8,-7.59999999999999,-1.73,4.71,3.83000000000001,-4.07,8.93,-2.88,39975,39.36,29.8033333333333,23
"312",2022091107,1260,2.92,-4.76,-6.86000000000001,14.94,-14.69,10.9,2.61,7.95,10.84,-0.0900000000000034,3.93,3.7,46155,59.35,21.3233333333333,26
"313",2022091200,109,-2.17,-6.45,6.02,-18.24,-17.9,-4.97,3.32,1.59,16.35,-7.55,-9.16,-6.45,42412,59.46,32.87,21
"314",2022091101,2951,2.79000000000001,4.06,3.61,1.73999999999999,-0.609999999999999,-1.34999999999999,2.82,-2.47,-1.86,6.73,7.37,6.43,46170,42.97,15.9333333333333,26
"315",2022091106,1401,-2.5,4.08,-3.16,-7.29,-4.13,-2.55,3.1,-2.95,-8.75,6.71,9.39,-6.69,43454,27.59,16.83,17
"316",2022091112,2167,3.98,1.88,1.80000000000001,8.77000000000001,1.84,10.24,-0.300000000000004,7.94,7.24,5.43,10.69,5.6,52430,68.16,12.8633333333333,28
"317",2022091111,899,4,2.26,-6.41999999999999,-4.13999999999999,-20.18,-5.8,-0.280000000000001,5.7,6.45,12.51,1.37,-4.19,40024,57.29,16.4233333333333,18
"318",2022091101,3789,3.52,-5.28,-7.22,-9.68,-12.8,-8.44,1.96,-4.93,-5.59,-5.77,-1.69,-2.77,46093,39.79,36.13,87
"319",2022091200,1241,3.45999999999999,2.73999999999999,1.45,8.10000000000001,-10.01,2.84,-2.09,3.75,-8.35,-2.52,-1.06,-8.36,40026,79.36,23.5933333333333,17
"320",2022091108,3227,-0.609999999999999,6.13000000000001,4.05000000000001,1.27000000000001,-0.829999999999998,-2.00999999999999,-5.39,0.41,0.0899999999999999,-6.45,-8.24,-8.07,42589,36.88,31.6433333333333,40
"321",2022091107,3374,3.7,7.80000000000001,3.48,1.64,-0.019999999999996,9.77000000000001,-2.74,-5.94,-2.1,-3.83,-8.97,1.36,54475,72.1,43.85,40
"322",2022091111,3295,3.99,-3.32,1.24,9.99,15,8.08000000000001,0.880000000000001,8.11,12.16,7.77,3.8,4.09,44819,33.26,13.02,28
"323",2022091112,3176,6.67999999999999,10.05,3.47,-4.25,1.52,1.91,-2.86,-0.190000000000005,-2.19,13.16,14.06,10.41,45635,47.04,10.4333333333333,47
"324",2022091106,3138,2.37,5.38,11.58,-11.31,-11.52,2.28,3.37,-1.29,1.89,3.34,4.8,-5.81,44912,22.56,20.3633333333333,15
"325",2022091113,3577,3.58,5.28999999999999,6.03,-9.24000000000001,-11.3,1.17999999999999,2.04,-5.47,-8.12,13.77,12.45,8.05,53608,75.2,13.42,17
"326",2022091112,227,3.44,8.41,9.3,-10.56,-1.17,-8.02,2.27,-3.39,-5.61,8.26,17.84,8.6,52725,97.39,7.97,19
"327",2022091103,2907,-4.12,5.51,-5.24,-6.41,-8.76,4.12,0.33,-0.67,1.29,7.74,6.51,-4.65,44860,37.25,15.85,22
"328",2022091110,2978,0.990000000000009,3.45,0.260000000000005,2.48,2.80000000000001,2.91000000000001,-5.05,-4.36000000000001,-4.13000000000001,-3.95,-4.45,-8.31000000000001,44917,40.46,37.2733333333333,37
"329",2022091108,2353,2.56,6.97,7.97,-8.67,-2,-5.55,-3.27,5.22,6.46,13.59,-17.12,-7.67,54483,67.34,34.22,27
"330",2022091113,2696,1.41,7.97,6.83,-11.57,15.94,-8.5,3.91,-1.61,7.73,5.97,4.48,7.94,46206,51.03,9.59333333333333,33
"331",2022091200,762,3.65000000000001,5.58,4.73,-7.05,-3.42,-3.41,2.01,8.62,7.52,9.92,12.83,9.87,52526,30.5,8.51333333333334,31
"332",2022091102,3783,2.38,0.760000000000005,3.82,-0.949999999999996,-15.02,7.96,-3.43,5.25,-7.87,9.31,14.7,1.06,52625,49.37,11.46,21
"333",2022091200,3491,4.21,0.159999999999997,2.75,4.07,1.54,1.82,0.0300000000000011,7.26,6.4,6.02,8.54,9.33,47803,37.53,15.79,32
"334",2022090800,775,3.35,6.22,8.46,-10.93,-8.42,9.26,2.55,-7.32,-7.72,9.62,12.33,-6.18,44881,38.35,17.63,17
"335",2022091100,458,5.01,-0.0300000000000011,4.14,2.87,1.54,-2.5,7.2,-8.9,-0.780000000000001,-3.94,-6.02,-8.68,48374,29.39,36.84,49
"336",2022091108,1698,1.78,-1.28,4.55,1.77,5.54000000000001,8.23,-3.83,-5.32,-1.62,-4.73,-1.07,5.22000000000001,46071,38.14,40.2733333333333,46
"337",2022091107,3718,3.72,7.19,12.45,0.0400000000000063,14.06,9.98999999999999,-2,-6.98999999999999,2.07,-15.37,-6.34,1.9,45268,15.11,44.6233333333333,31
"338",2022090800,3431,0.330000000000005,4.39,-6.44,-0.659999999999997,-10.84,10.11,4.22,0.509999999999998,11.11,17.5,15.28,7.86,53678,55.8,5.73333333333333,27
"339",2022091100,4307,6.40000000000001,9.23,4.24000000000001,-6.8,-10.27,-9.3,0.829999999999998,1.89,-0.200000000000003,-3.59,-1.92,-1.89,39975,47.8,35.6033333333333,22
"340",2022090800,122,-0.590000000000003,-2.61,-0.240000000000009,-2.23,-2.52,-2.55,4.21,3.61,5.74,5.37,6.15,6.13,47857,51.7,15.7533333333333,29
"341",2022091113,2446,3.34999999999999,1.84,-6.43000000000001,-7.41,-8.45,-7.14,-2.63,5.36,1.08,2.52,2.49,-0.699999999999999,54556,71.17,28.99,18
"342",2022091107,3475,4.09999999999999,-0.319999999999993,3.62,-8.44,-14.13,3.89,1.17,7.56,8.73,14.09,12.75,7.88,44817,85.61,7.65,24
"343",2022091100,3578,2.88,-4.84,-11.93,5.73999999999999,-20.1,3.92,-3.16,1.94,-1.87,17.75,-0.399999999999999,4.39,43336,79.47,20.22,14
"344",2022091110,2845,2.64999999999999,-2.12,6.13,-0.13000000000001,-7.42,6.22,3.37,-5.13,-3.83,9.37,-8.21,-5.28,53591,105.04,18.4,22
"345",2022091200,3149,3.42,-9.63,5.22000000000001,-10.36,-8.6,8.88,2.61,-6.97,9.08,-8.09,-10.81,8.08,52423,59.68,33.1133333333333,41
"346",2022091100,121,3.56,4.48,-1.46,8.02,-2.59,0.380000000000003,2.42,-3.68,-7.96,3.16,-11.23,-6.89,48723,53.68,27.36,12
"347",2022091105,3139,4.16000000000001,6.09,7.14,-9.97999999999999,-10.57,-0.47999999999999,1.19,-5.44,-6.95,-10.06,-12.64,-8.86,46173,102.6,43.37,33
"348",2022090800,692,4.31999999999999,9.01999999999998,7.44,-8.24000000000001,2.07999999999998,6.85999999999999,-0.289999999999999,5.48,6.72,16.38,18.45,8.07,42489,79.27,9.29333333333334,33
"349",2022091105,249,3.91,8.45999999999999,4.70999999999999,-14.29,-15.07,-9.06,1.87,-4.82,-11.76,3.47000000000001,-3.45999999999999,-5.57,52442,48.26,32.3933333333333,22
"350",2022091104,58,4.02,8.44,12.95,-3.77000000000001,8.77999999999999,14.43,-1.65000000000001,-11.49,-0.359999999999999,-15.47,-13.3,1.27,52443,29.43,40.2433333333333,16
"351",2022090800,617,4.01,-6.36000000000001,5.41,-14.45,-11.59,-3.52,-1.68,-11.14,-13.54,-15.64,-19.34,-17.42,44985,56.46,49.2333333333333,16
"352",2022091107,3299,4.34999999999999,-1.73,8.08,-9.22,-10.28,-9.31,-0.100000000000001,-8.54,6.04,-7.8,-6.83,-6.55,46226,62.17,38.72,36
"353",2022091113,732,5.54,4.81,3.95,-3.97,4.66,-1.94,-2.52,10.88,-1.89,13.43,14.19,12.32,37079,57.22,16.42,31
"354",2022091109,792,4.12,8.88,6.66,4.83,-8.66,4.51,1.64,-2.12,-0.440000000000001,10.49,-8.49,-9.81,44852,44.07,30.55,30
"355",2022091101,3101,5.51000000000001,2.31999999999999,4.42,5.23999999999999,-1.82000000000001,5.51000000000001,0.810000000000002,-7.25,0.579999999999998,5.09,-11.6,5.79,53633,86.53,41.33,34
"356",2022091101,2341,1.12,3.58,-1.95,-15.01,-15.61,-1.97,4.32,-3.01,9.48,-6.2,-8.07,-4.76,52523,48.89,30.92,17
"357",2022091105,841,-2.5,1.22,-3.11999999999999,-8.05999999999999,-11.81,0.390000000000001,-3.71,4.54,4.29,-3.94,9.45,5.56999999999999,45339,23.6,15.1733333333333,27
"358",2022091112,1207,-1.34,2.09,-19.67,-30.32,-27.4,-20.4,4.27,6.57,14.05,-2.86,21.68,6.76,52430,69.43,16.3833333333333,39
"359",2022091109,1475,0.549999999999997,6.75,4.44,2.53,2.54,6.78999999999999,4.65,0.0199999999999996,0.619999999999997,5.79,7.31,6.22,44978,57.53,17.19,25
"360",2022090800,1836,4.98000000000002,0.77000000000001,4.16000000000001,0.52000000000001,3.37,8.93000000000001,-1.44,-8.65,-1.73,-8,-7.96,1.42,44881,69.04,38.9333333333333,37
"361",2022091200,565,-0.830000000000005,6.20999999999999,0.149999999999999,-4.39,-6.84,3.18,-4.44,-7.55,9.71,-10.1,-8.96,9.74,47803,57.34,30.23,19
"362",2022090800,2860,3.48999999999999,3.46000000000001,-6.38,6.01000000000001,-7.06,-4.95,2.87,-7.05,9.17,-10.54,11.65,8.07,44881,45.22,17.7833333333333,18
"363",2022091113,3407,4.52,-7.91,-8.15,-8.96,-10.63,8.87,-0.400000000000002,3.02,5.09,5.13,4.81,-8.74,45052,48.49,22.28,30
"364",2022091101,1785,4.41,5.31,5.22,2.84999999999999,-7.31,1.78999999999999,-1.15,-4.18,-6.23,-14.58,-13.42,-9.31,53512,106.62,44.8733333333333,18
"365",2022091110,2925,4.33,3.8,-9.37,-9.16,-10.5,-9.09999999999999,-1.63,7.41,-2.08,-4.19,-1.92,-1.48,39983,39.94,27.3533333333333,19
"366",2022091113,267,3.27999999999999,6.54000000000001,10.1,0.769999999999996,-10.59,3.77,3.27,-2.31,0.930000000000007,-15.95,-13.9,-6.7,45052,75.45,36.8133333333333,22
"367",2022091101,3707,4.05,7.27,4.46000000000001,2.88,-0.810000000000002,3.75,-5.06,-1.66999999999999,-1.27999999999999,-5.53,-10.96,-8.92,46104,44.44,34.5533333333333,27
"368",2022091104,3956,4.00999999999999,10.15,17.94,-3.35000000000001,-6.68000000000001,-0.820000000000007,2.34,8.17,5.11,18.71,18.47,16.99,53541,38.12,4.20333333333333,35
"369",2022091107,1445,-0.019999999999996,5.9,8.64,0.219999999999999,0.700000000000003,9.65,4.65,2.91,4.49,10.57,11.37,2.56,54501,35.22,17.36,27
"370",2022091107,3037,4.53,9.52000000000001,-8.52,-3.47999999999999,-6.11,-5.31,1.05,-6.09,-9.86,-12.7,-11.69,-10.15,53536,44.63,41.6133333333333,28
"371",2022091104,2468,0.989999999999995,5.14,4.65000000000001,2.09999999999999,4.69,7.3,-4.98,0.140000000000001,-0.0600000000000023,-4.62,-2.52,-1.17,47834,26.25,40.5833333333333,35
"372",2022091110,2085,2.43000000000001,-6.41999999999999,-4.45999999999999,8.42,5.46000000000001,-1.64,3.98,-5.72,-4.08,-4.29,15.52,-9.39,40011,69.6,32.51,29
"373",2022091105,643,-2.52999999999999,5.54000000000001,-7.77999999999999,-8.13,-18.44,-6.4,-3.94,1.09,7.74,-11.72,-8.23,6.22,53658,64.66,38.0933333333333,26
"374",2022091111,2806,-4.29,7.23,-6.47,-6.86,-1.32,-8.3,-1.98,-0.479999999999997,-3.25,-5.05,9.44,-2.31,45573,14.12,33.18,23
"375",2022091104,3572,-0.619999999999997,-3.22,-7.1,13.17,-9.91,1.31,4.69,5.23,-2.03,-0.950000000000003,15.15,-8.26,47834,44.26,18.76,34
"376",2022091110,799,3.45999999999999,4.84999999999999,10.84,-9.71,-13.9,14.6,3.23999999999999,-6.14,3.66,-13.77,-12.39,1.95,47808,54.34,39.92,31
"377",2022091103,1126,1.04999999999998,-5.07000000000001,4.60999999999999,1.14999999999999,4.28,9.66999999999999,7.19,8.73999999999999,1.12,6.41,7.95,3.81999999999999,47924,66.43,14.1733333333333,61
"378",2022091110,2287,4.68000000000001,-5.33,1.26000000000001,-6.03999999999999,-4.28,1.72,0.779999999999994,4.5,-8.12,6.45999999999999,8.08,-7.34,48646,38.44,14.3533333333333,34
"379",2022091105,1456,-4.36,5.65000000000001,-5.37,-6.87,-7.15,-6.61,-1.9,0.379999999999999,-1.43,-2.26,1.26,1.38,46173,36.73,30.09,19
"380",2022091112,736,0.210000000000001,1.68,2.2,-0.330000000000002,1.3,7.82,4.87,7.81,4.22,4.92,6.18,-2.61,43971,26.89,21.33,45
"381",2022091104,3842,3.91,-2.62,5.01,5.17,-3.16,3.28,2.75,-5.76,-0.529999999999998,1.15,-5.43,-5.6,47836,23.5,32.01,28
"382",2022091104,910,4.78,-5.88,-5.95999999999999,-6.78,-7.44,-5.89,-0.0600000000000023,2.4,2.96,2.47,1.22,3.16,53579,85.72,21.89,37
"383",2022091105,2345,-1.36,-2.01,2.72000000000001,1.6,-6.12,-4.98,4.6,6.37,4.28,5.86,2.27,4.69,40138,48.98,20.25,32
"384",2022091110,2810,3.83,1.00999999999999,3.47999999999999,-9.55000000000001,13.26,9.75999999999999,2.96,-9.13,4.65,-9,-9.75,-6.48,48683,104.54,46.81,35
"385",2022090800,1712,3.98999999999999,2.91000000000001,5.22,-8.73,-9.77,-7.95,2.77,-5.01,-6.76,8.99,8.91,7.24,44881,74.33,13.0933333333333,24
"386",2022091113,3971,4.21,8.28,8.57000000000001,-9.72,-9.71,-9.61,2.43,-2.95,4.77,-4.54,-5.59,-1.58,47911,55.61,32.4,15
"387",2022091105,619,-0.460000000000008,4.19,-0.849999999999994,2.8,5.89,1.84999999999999,5.39,4.39,4.81,4.34,3.2,7.65,46173,34.53,21.2433333333333,39
"388",2022091112,611,0.61999999999999,-3.68000000000001,-4.29000000000001,0.349999999999994,-8.26000000000001,3.41999999999999,-4.88,5.23,5.05,6.77,-2.82,6.28999999999999,37139,64.02,32.2433333333333,12
"389",2022091111,2657,-4.38,-4.50000000000001,-2.36000000000001,-14.64,-15.21,5.6,-2.26,2.39,-7.27999999999999,2.68,3.57,-6.4,42547,56.46,21.2433333333333,26
"390",2022091100,1335,3.97,4.91,8.81999999999999,-9.79000000000001,-11.54,-9.68000000000001,-2.94,5.17,2.88,0.100000000000001,3.6,-0.889999999999997,46992,38.78,26.5733333333333,25
"391",2022091101,109,8.88,9.95,4.33,5.14,2.08,-2.58,4.21,-1.39,2.42,6.57,10.71,13.32,43808,23.9,9.7,36
"392",2022091101,2407,4.63,-5.78,-6.04,5.3,-5.58,-4.82,1.81,4.71,5.79,8.14,8.67,6.37,44898,55.4,13.72,34
"393",2022091105,4858,4.88,-2.08,4.04,-1.35,6.8,1.63,3.43,6.58,2.9,5.6,2.69,9.03,46173,9.71,15.35,26
"394",2022090800,2184,4.19,4.83999999999999,4.25,-11.03,-10.01,1.78,2.70999999999999,-2.3,-8.03,-8.94,-10.17,-5.2,42489,92.73,41.1033333333333,40
"395",2022091200,3101,-1.05000000000001,-3.77000000000001,-8.90000000000001,7.06,-21.01,5.77999999999999,-4.88,3.42,6.22,-8.79,-3.48,-1.16,46109,53.43,36.5533333333333,24
"396",2022091105,4438,3.29,2.71,2.76000000000001,-11,-10.3,4.17,3.77,-4.48,5.78,-7.04,-8.14,-7.12,47842,59.12,30.91,37
"397",2022091101,3263,-1.89,-7.59999999999999,-8.36,-6.58999999999999,-18.15,-5.27,4.66,-5.87,11.73,-13.99,3.21,-13.46,53520,53.96,17.2633333333333,24
"398",2022091109,359,3.84,2.04,1.97,8.91999999999999,-8.54000000000001,-7.99,3.3,-6.38,-9.09,7.45,-11.61,-10.1,44852,44.77,37.73,20
"399",2022091200,286,-3.75,0.590000000000003,7.99000000000001,-9.42999999999999,-3.58999999999999,12.24,3.42,11.67,4.31,4.85,12.37,2.63,48096,21.13,18.4833333333333,52
"400",2022091105,503,6.35,1.12,4.99,5.06,0.390000000000001,7.87,-1.22,-8.28,-0.939999999999998,2.07,-7.98,3.01,41246,31.25,42.64,24
"401",2022090800,1102,5.09,-0.0499999999999972,6.80000000000001,-1.16999999999999,-5.59999999999999,8.03,0.219999999999999,-8.64,-6.64,-10.41,-11.63,-4.19,52494,82.32,43.5,46
"402",2022091110,3492,3.57000000000001,-2.14,3.01000000000001,6.13,6.83,2.23,4.28,5.71,4.13,2.22,0.190000000000005,6.64,41325,82.17,15.4833333333333,50
"403",2022090800,593,3.31999999999999,6.22999999999999,3.64,-0.77000000000001,3.11,-0.820000000000007,-5.38,3.92999999999999,3.65,-12.62,-13.91,-11.29,42448,33.9,40.4933333333333,29
"404",2022090800,3489,-0.450000000000003,-7.71,-7.65,-9.00000000000001,-9.7,9.04999999999999,-5.14,2.29,-1.14,1.06,2.23,0.34,43399,58.49,24.2433333333333,35
"405",2022091200,3723,2.52000000000001,7.7,-6.44,-8.94,7.72000000000001,1.75,4.59,-2.19,7.21,4.67,6.91,8.15,53464,51.74,16.0633333333333,60
"406",2022091112,3720,1.34999999999999,1.39,2.84,-10.27,-9.72,-9.51000000000001,-5.06,7.48,9.42,1.51,-4.23,-2.6,52502,49.97,29.1933333333333,23
"407",2022091110,171,4.97999999999999,-4.26000000000002,-7.35000000000001,-8.49000000000001,-7.95000000000002,-2.44000000000001,1.63,-5.9,-5.67,-6.75,-7.4,7.86,40011,75.52,36.3533333333333,26
"408",2022091112,62,-3.16,8.04,2.8,-9.03,0.790000000000003,3.68,-4.19,-2.86,-6.84999999999999,-5.84,-13.74,-8.12,45094,30.81,39.94,30
"409",2022091105,1589,-5.26000000000001,2.5,-12.87,-9.76,-17.34,6.76000000000001,0.199999999999996,6.61,-3.75,10.52,-5.83,-6.06,52442,70.11,34.85,24
"410",2022091107,1399,4.15,-3.34,-3.99,-3.54,-8.19,-8.27,3.24,-4.33,-5.58,-7.21,-3.06,-1.84,53536,36.49,34.6,30
"411",2022091101,3545,4.52,3.87,4.83,-5.67,-7.83,-1.81,2.73,-4.42,-5.09999999999999,6.56,-8.66,5.63,52523,35.44,38.0633333333333,27
"412",2022091102,3859,5.57,-2.7,5.26000000000001,-0.460000000000001,-1.47,-0.829999999999998,-1.63,7.79,-0.720000000000001,6.33,8.23,8.57,46377,49.76,13.32,42
"413",2022091112,3696,4.51000000000001,-4.95,1.83,-7.53999999999999,-17.65,2.99000000000001,-2.84,5.33,-9.93,12.28,2.34,-11.1,52502,42.44,24.6333333333333,27
"414",2022091113,3807,4.75,5.5,9.46,-9.66,-10.07,2.26000000000001,-2.42,5.1,3.39,-12.32,-13.13,-12.26,53608,33.3,37.4,16
"415",2022091110,2720,-3.89,-5.67,-9.45,5.54,-19.12,1.65,3.65,-0.450000000000001,-1.1,11.23,12.7,8.25,40011,60.4,11.07,32
"416",2022091110,3599,-5.27,-11.31,-7.82000000000001,-8.55,-17.18,-14.02,1.27,0.830000000000002,1.58,5.65,-3.7,-6.24,37077,77.2,20.29,14
"417",2022091108,3342,4.52999999999999,8.91,-0.5,-1.29,-1.01000000000001,-0.0100000000000051,2.99,-2.72,-9.41,-10.4,-11.48,-9.9,46071,45.88,34.89,38
"418",2022091110,2786,0.449999999999989,-4.96000000000001,-5.44000000000001,-5.29000000000001,-7.59,-5.41000000000001,6.36,4.15,0.609999999999999,3.6,-2.68,5.19,46243,98.43,17.18,26
"419",2022091108,1132,5.34,7.2,5.75,0.299999999999997,1.7,1.76000000000001,-1.24,9.25,9.63,13.92,17.44,12.87,46506,68.67,12.03,17
"420",2022091111,232,1.76000000000001,6.95999999999999,5.44,4.02,7.47,7.67,-5.8,-1.66,-0.75,-6.61,-4.55,3.33000000000001,53506,78.42,44.94,21
"421",2022091110,1418,6.48,2.25,5.52,6.44,-2.05,9.08,-0.349999999999994,9.96,-0.029999999999994,-8.77,13.73,6.23,44917,33.31,14.4533333333333,26
"422",2022091112,181,-1.36,14.52,14.07,-10.2,-8.47,15.68,5.44,1.52,0.49,19.11,19.95,6.85,52430,79.62,3.15,39
"423",2022091103,902,-1.28,-2.48,-1.92999999999999,-6.27,-3.84,-7.28,5.49,7.9,5.29,5.69,7.9,6.48,44860,46.97,18.3733333333333,36
"424",2022091100,166,5.56999999999999,-7.00000000000001,-4.87,7.42999999999999,-11.47,-3.08000000000001,-0.960000000000001,-2.15,6.08,-4.45,-2.03,6.95,53433,66.4,19.03,19
"425",2022091103,4300,3.34999999999999,-6.45999999999999,-8.31,-8.22,-1.04000000000001,1.37,-4.59,0.289999999999999,1.29,-1.92,-10.28,-8.56,44927,50.86,29.9733333333333,24
"426",2022091107,1236,3.20999999999999,-0.299999999999997,-4,11.77,-13.38,10.64,4.71,10.09,9.22000000000001,13.39,21.16,4.87,46155,51.14,3.81333333333333,19
"427",2022091106,290,5.36999999999999,2.19999999999999,3.13,-6.47,-9.75,5.25,-1.94,-7.59,-8.45,-15.58,-15.91,-13.68,48233,41.62,48.3133333333333,17
"428",2022091112,3246,5.03000000000001,4.29999999999999,-7.75000000000001,-8.38,-9.71,-7.32,2.71,-5.55,-2.21,-1.47,-0.450000000000003,-1.38,45635,63.21,32.9033333333333,18
"429",2022091200,664,5.71000000000001,-5.27,-2.20999999999999,16.74,-0.340000000000003,17.53,0.91,15.99,14.5,-0.23,18.16,0.62,46096,92.72,6.42,45
"430",2022091105,3046,3.68,5.44,-12.19,-4.06,-16.6,-7.62,-4.52,3.97,4.56,-15.9,-7.63,1.89,48118,52.99,41.45,26
"431",2022091104,713,4.03,5.63,-5.39,-9.16999999999999,-16.1,-5.63,4.23,-3.76,-10.24,13.51,-5.6,-5.9,47834,43.87,32.8,25
"432",2022091200,467,5.57000000000001,6.99000000000001,-7.20999999999999,-7.3,1.92,8.53,1.81999999999999,-4.74,-7.07,-9.51000000000001,-12.34,5.48999999999999,42358,96.24,32.7433333333333,12
"433",2022091107,1779,2.24000000000001,2.09,1.40000000000001,-5.19,-9.32,9.35000000000001,5.41999999999999,-6.06,8.55,-11.73,-10.64,3.57,46279,69.8,35.74,23
"434",2022091106,2840,-2.38,0.870000000000005,4.08,0.800000000000011,2.52000000000001,2.33,5.37,8.2,4.31,7.29,7.54,8.52,44912,49.49,21.6733333333333,50
"435",2022091110,3026,5.85,-5.97000000000001,5.26999999999999,-6.64000000000001,-8.61000000000001,-8.01,0.649999999999999,5.29,-5.09,4.66,-0.25,-0.559999999999999,52630,60.21,25.7433333333333,26
"436",2022091105,445,5.84999999999999,-3.37,-4.31999999999999,-5.88,-7.16,5.34999999999999,-0.68,-5.61,-6.23,-5.77,-5.47,-5.49,52449,80.34,28.5433333333333,25
"437",2022091110,569,-0.639999999999986,-6.38999999999999,-9.63999999999999,-6.66999999999999,7.5,-1.72,-5.86,-0.530000000000001,-2.71,-12.14,14.37,7.11,44874,77.1,34.3833333333333,22
"438",2022090800,818,6.02,7.67999999999999,7.83,9.47,-4.85000000000001,-4.97,-0.00999999999999801,-10.03,-0.450000000000003,-16.28,-18.46,-17.17,47853,36.23,47.2533333333333,26
"439",2022091111,2020,5.98999999999999,2.36999999999999,15.36,-4.6,-9.2,-5.2,-1,11.37,0.230000000000004,15.35,21.65,21.69,53506,68.39,4.13333333333333,47
"440",2022090800,3121,6.09999999999999,4.39,-8.42999999999999,10.26,-10.53,6.82000000000001,0.630000000000003,6.9,7.34,6.02,7.4,4.82,43399,39.72,19.0133333333333,29
"441",2022091112,3766,3.53,-14.75,-2.47,-5.01000000000001,-15.97,19.65,5.07,13.16,8.48,20.62,14.39,-2.7,54499,66.67,8.54333333333334,29
"442",2022091103,388,4.91,4.88,5.05999999999999,6.16,-4.19000000000001,9.04000000000001,4.26000000000001,-5.82,3.58000000000001,1.14,8.04,0.190000000000005,44860,71.92,14.2033333333333,28
"443",2022091104,3204,0.179999999999993,1.55,1.47000000000001,5.10000000000001,0.489999999999995,-5.73999999999999,9.04,9.23,6.07,4.91,9.68,7.42,46118,83.8,13.0933333333333,42
"444",2022091101,4150,3.92,5.48999999999999,6.91000000000001,0.870000000000005,-10.84,3.5,-4.9,6.67,-1.79,11.41,7.68,7.9,42347,65.58,16.7533333333333,20
"445",2022091106,950,2.44,7.14,-7.73,10.87,9.67,-5.43,-5.8,3.55,-8.03,3.08,-12.06,-6.59,46203,33.65,34.93,21
"446",2022091100,2245,6.26999999999998,9.80999999999999,6.36999999999999,4.58999999999999,-7.38000000000001,6.98999999999998,0.810000000000002,-4.34,-3.4,5.74,10.91,10.42,54476,75.49,14.2333333333333,18
"447",2022091107,636,-5.93000000000001,2.86,2.26000000000001,-16.36,-22.12,8.13,-2.26,-6.43,13.69,-6.31,-6.9,3.5,53463,47.5,35.8133333333333,44
"448",2022091200,2268,-5.87,6.17999999999999,-6.79000000000001,-8.58000000000001,-6.60000000000001,-8.31,-2.42,-3.55,-3.42,-2.58,-6.14,-1.89,42358,102.93,34.53,22
"449",2022091112,917,4.31,3.46,2.28,9.34999999999999,-7.12,10.79,4.81,5.98,8.17,-3.03,12.52,-2.4,44995,55.56,14.29,40
"450",2022090800,2208,6.11999999999999,-2.67,9.53999999999999,-2.92,-1.54000000000001,12.51,2.15,-11.07,0.959999999999994,-13.39,-14.2,-4.93000000000001,47857,90.93,40.9933333333333,43
"451",2022091111,2212,4.4,8.58,-7.76,-8.88,-7.99,-9.08,-4.91,0.969999999999999,4.01,4.29,7.86,2.67,41282,39.72,22.17,20
"452",2022091105,1259,6.56999999999999,7.91,8.95999999999999,-7.92,-6.03,-6.18000000000001,0.79,10.35,9.47,20.9,22.55,19.29,52442,85.76,4.87,25
"453",2022091110,870,-1.55000000000001,6.00999999999999,-5.22,-13.89,-18.03,-8.51000000000001,-6.45,4.52,14.96,-10.84,1.09,5.27,48646,73.51,18.85,23
"454",2022091109,1520,-6.53,-8.23,8.7,-1.67999999999999,-19.04,8.36,1.5,-5.58,11.65,-19.71,-7.05,-10.19,53454,93.05,38.18,31
"455",2022091103,3755,6.74,-0.829999999999998,-2.76,-4.73,-6.04,8.19,-0.149999999999999,8.42,8.05,9.2,10.44,-7.28,44860,50.73,13.2,37
"456",2022091105,4905,-0.720000000000001,3.14,6.44,2.82,6.67,0.140000000000001,-8.5,-10.16,-2.25,-7.04,3.89,-14.51,47842,14.09,36.82,94
"457",2022091103,2569,6.19,-6.69,-7.13,-7.93,-0.880000000000003,-7.49,-2.97,3.12,3.2,0.84,8.17,1.44,47924,43.64,28.63,21
"458",2022091108,2867,6.89,-3.5,-1.16,-4.27,-2.32,-1.69,-0.189999999999998,-12.69,-13.17,-13.85,-15.08,-14.11,46071,38.56,41.71,29
"459",2022091103,4686,6.42999999999999,8.78,9.73999999999999,-8.61,-1.51000000000001,-2.55,-2.52,-7.58,-7.21,-12.39,-15.38,-12.53,52457,70.14,46.29,26
"460",2022091101,2832,4.58000000000001,10.37,8.07,0.530000000000001,-6.77,11.17,5.17,-2.45,0.15,14.37,14.65,4.89,44841,46.12,14.36,24
"461",2022091111,142,6.97,-3.79,-5.19,-5.35,-8.78,-8.99,0.150000000000006,-8.41,-7.86,-8.88,-7.5,-8.42,52520,50.56,32.41,29
"462",2022091107,1738,7.45,4.2,6.47,8.65000000000001,-1.36,9.40000000000001,-3.66,9.66,-2.67,-6.69,12.72,4.88,46279,57.28,14.88,35
"463",2022091110,1560,-3.1,-2.07,-2.7,7.24,-0.640000000000001,11.3,-6.32,-11,-8.46,-8.67,-12.17,0.0700000000000003,41325,40.86,37.24,39
"464",2022091200,1409,6.46000000000001,4.56,4.72,1.58000000000001,-1.70999999999999,9.28,2.87,15.83,9.93,14.7,15.54,14.42,46189,32.85,10.9833333333333,32
"465",2022091110,1394,6.94,7.54000000000001,11.98,-3.16,-6.16,8.03,1.39,-2.52,-5.76,-14.36,-13.47,-10.65,48646,34.55,47.2633333333333,27
"466",2022091110,750,7.11,-3.32,-3.84,-2.79000000000001,-1.92,-2.15000000000001,-0.16,7.92,8.51,8.95,10.37,10.99,44917,36.59,19.05,48
"467",2022091105,2196,7.65000000000001,9.57,6.52,7.20999999999999,-2.91,1.31999999999999,-2.19,3.6,-2.89,2.14,9.69,10.32,52449,47.25,14.6933333333333,47
"468",2022091100,3148,-7.12,-6.92,-8.01000000000001,-8.19,-8.2,-9.96000000000001,0.550000000000001,-2.96,-0.509999999999998,0.16,-2.38,1.71,44879,65.01,24.56,35
"469",2022091112,3672,-5.26000000000001,-7,-7.84999999999999,-8.34999999999999,-8.59,8.91,-4.89,-1.96,-3.17,-5.26,-7,2.1,52470,21.58,27.6633333333333,26
"470",2022091113,1146,10.08,9.91,7.20999999999998,-2.39000000000001,-6.60000000000001,-2.84,1.6,-8.07,0.0599999999999952,-13.72,-12.71,-13.58,44816,75.52,43.7233333333333,23
"471",2022091200,1057,7.18000000000001,-0.289999999999992,0.430000000000007,0.640000000000001,-0.679999999999993,12.81,-1.51,12.54,12.15,15.6,15.61,6.82,53485,35.97,6.27333333333333,22
"472",2022091109,1681,-6.7,-7.33,-7.34,-7.29000000000001,-5.8,-5.16,3.17,4.5,3.6,5.09,7.44,7.8,43722,26.86,23.7133333333333,30
"473",2022091112,3200,7.41,-1.19999999999999,-0.549999999999997,0.740000000000002,2.14000000000001,10.02,-0.490000000000002,-11.54,-15.51,-19.08,-19.91,-7.68000000000001,41230,55.99,42.3233333333333,22
"474",2022091108,791,2.79,-5.27,-9.5,-7.8,8.65,-8.51,6.93,6.5,12.45,13.91,13.51,10.79,46506,40.54,16.41,46
"475",2022091102,2132,7.48,-7.94,-8.44,-9.53,10.39,-11.51,-0.73,-1.63,-0.91,1.09,2.64,0.25,42428,49.45,24.5533333333333,18
"476",2022091105,2887,7.20999999999999,4.22999999999999,3.55,-8.68000000000001,-7.2,-9.59,2.49,-7.77999999999999,-7.5,-11.11,-12.86,-10.73,40138,68.73,44.3,28
"477",2022091105,2544,-0.149999999999991,3.22,-1.3,-3.00999999999999,0.790000000000006,-0.310000000000002,7.71,10.97,9.4,10.26,11.28,12.73,52449,30.77,13.7933333333333,37
"478",2022091105,984,-0.900000000000006,9.20999999999999,3.93,1,1.19,6.98,-7.8,-1.92,6.77,-11.94,-12.78,7.66,43396,56.34,36.8333333333333,34
"479",2022091101,1744,-5.66,3.13000000000001,-15.72,-12.07,-4.97,-10.46,5.46,-10.45,-5.99,12.84,-17.99,-3.14,46170,75.8,35.9533333333333,48
"480",2022091112,1560,8.69,9.84999999999999,7.87,9.59,-2.15000000000001,-0.320000000000007,-1.08,-1.99,-0.5,-2.52,12.11,10.47,44853,49.23,16.7233333333333,46
"481",2022091109,1705,-5.99000000000001,7.89999999999999,-7.18000000000001,-6.61,-5.67,-4.83,-5.34,4.48,-5.99,-7.35,-9.98,-9.82,52474,39.01,37.0633333333333,28
"482",2022091104,803,6.15000000000001,9.09,-3.41999999999999,14.09,-7.41999999999999,-7.18,5.21,-2.48,15.33,7.27,15.1,12.92,47836,47.19,7.58,27
"483",2022091105,3995,8.35,-6.94,-7.91,-7.6,12.13,8.56,0.91,8.34,8.25,9.21,0.82,-7.64,53556,36.54,19.15,30
"484",2022091106,792,7.44,8.05999999999999,-10.29,-8.54,-7.51000000000001,7.33,3.94,-3.34,-7.72,-9.68,-11.94,-8.1,43324,67.17,38.7633333333333,36
"485",2022091112,2612,8.93,10.03,6.96,7.99,-1.48,3.76,-4.7,7.05,-4.77,3.09,16,12.72,52470,21.64,13.34,35
"486",2022091108,633,-7.8,-9.14,-8.61,-8.83,-9.45,-11.24,4.84,-1.71,-0.439999999999998,0.870000000000001,5.08,-1.18,46309,45.58,25.88,37
"487",2022091108,1309,8.24000000000001,11.48,10.8,-7.17,-7.11,-2.39,2.84,-5.91,-1.85,14.08,15.35,15.59,46071,27.52,14.3333333333333,28
"488",2022091107,2243,-7.43000000000001,8.17,5.94,-6.77,-7.52,-8.45,-6.53,-7.34,-6.62,-8.14,-7.79,-9.51,53536,22.53,33.0433333333333,49
"489",2022091200,2188,6.14,6.86,9.75999999999999,16.5,-10.77,9.39,-6.48999999999999,-7.81,-7.84,-3.39,-16.36,-5.2,52423,100.59,48.94,42
"490",2022090800,2815,2.37,9.19,14.33,-10.22,-9.18000000000001,5.42,-8.66,-1.72,-5.01,-20.26,-21.29,-17.86,46830,34.78,47.7333333333333,28
"491",2022091108,2273,2.84,9.49,2.41,-12.17,12.19,6.21,8.68,-0.46,13.85,11.04,12.14,10.94,54483,36.26,5.53,25
"492",2022091108,216,2.23,-5.16,5.07000000000001,-8.36999999999999,19.57,-9.39999999999999,-9.73,-8.73,-8.12,-5.56,-4.2,-4.92,54483,92.74,49.3433333333333,27
"493",2022091113,2283,9.61,6.73,18.41,18.17,-2.89,9.88,0.0799999999999983,8.53,-3.19,7.68,19.61,15.57,47911,40.11,7.66333333333333,21
"494",2022091107,868,5.42999999999999,13.28,-14.29,-9.22,-12.62,0.819999999999993,8,3.66,19.6,22.68,24.72,21.87,54475,36.76,1.68333333333334,50
"495",2022091105,2042,9.67,9.86999999999999,9.7,-9.89,-8.91,-10.17,-2.85,4.63,1.23,-1.13,5.7,6.08,53518,79.45,21.95,26
"496",2022091108,1737,6.05,10.04,12.68,-3.34,-11.73,11.59,-7.77,-0.619999999999997,0.560000000000002,14.54,12.31,9.18,44908,39.83,15.1633333333333,29
"497",2022091103,2670,-6.9,-0.690000000000001,-7.4,-5.92,-4.49,11.09,7.3,10.57,8.27,11.23,12.29,-0.57,44927,14.97,17.05,34
"498",2022091200,3826,10.94,-0.930000000000007,-2.37,-1.51000000000001,1.14,-2.36,-0.480000000000004,-13.26,-15.17,-15.3,-16.45,-14.58,53464,49.31,40.6033333333333,49
"499",2022091111,2464,8.45999999999999,-2.77,-1.83,12.85,-2.61,12.42,7.15,10.85,12.41,4.99,13.71,-1.11,39212,66.78,10.01,49
"500",2022091107,1075,-7.48,-10.19,-9.8,-8.66,-11.12,12.77,-9.34,-6.83,-7.36,-9.31,-6.35,-1.23,53536,56.86,39.33,54
"501",2022091112,3128,12.4,0.939999999999998,12.13,-1.03,0.200000000000003,-0.379999999999995,2.47,13.65,3.11,15.26,15.73,13.75,44995,28.78,11.7833333333333,33
"502",2022091111,1790,5.02,-12.91,-12.75,-15.64,14.84,13.67,-11.96,-9.09,-12.76,-9.05,-12.33,-12.34,41282,63.63,48.96,68
